train,,,
,,,false
,a,bc,true
,bc,a,false
a,,bc,false
a,bc,,false
bc,,a,false
bc,a,,false
,,"F>y=<z+y6,~Wj<wECfY_Pw	?]j4+FvpE[@O,H9&0CFIGj[k",false
,"F>y=<z+y6,~Wj<wECfY_Pw	?]j4+FvpE[@O,H9&0CFIGj[k",,false
"F>y=<z+y6,~Wj<wECfY_Pw	?]j4+FvpE[@O,H9&0CFIGj[k",,,false
,,"?MI<&
PZg@a~mH(bF >=s3'|wO""B8
ew=	_rU/u
IO%/hn_v",false
,"?MI<&
PZg@a~mH(bF >=s3'|wO""B8
ew=	_rU/u
IO%/hn_v",,false
"?MI<&
PZg@a~mH(bF >=s3'|wO""B8
ew=	_rU/u
IO%/hn_v",,,false
%N,":qh>oTFHCZIK%DJ2ReAl#Als
,:-o-AG0f""5*",":qh>oTFHCZIK%DJ2ReAl#Als
,:-o-AG0f""5*",false
":qh>oTFHCZIK%DJ2ReAl#Als
,:-o-AG0f""5*",%N,":qh>oTFHCZIK%DJ2ReAl#Als
,:-o-AG0f""5*",false
":qh>oTFHCZIK%DJ2ReAl#Als
,:-o-AG0f""5*",":qh>oTFHCZIK%DJ2ReAl#Als
,:-o-AG0f""5*",%N,false
"c(>mF
{)_	;/<Moqc*Stb",a2{b Pf&&)ma eWd51C]h	^a@G/>eX1W)cs8G.i0,a2{b Pf&&)ma eWd51C]h	^a@G/>eX1W)cs8G.i0,false
a2{b Pf&&)ma eWd51C]h	^a@G/>eX1W)cs8G.i0,"c(>mF
{)_	;/<Moqc*Stb",a2{b Pf&&)ma eWd51C]h	^a@G/>eX1W)cs8G.i0,false
a2{b Pf&&)ma eWd51C]h	^a@G/>eX1W)cs8G.i0,a2{b Pf&&)ma eWd51C]h	^a@G/>eX1W)cs8G.i0,"c(>mF
{)_	;/<Moqc*Stb",false
 u<~*4ivhtv&N5	1W\clD5C{fsiM/*=W2	_204I$C49'!,f[s-\H;,f[s-\H;,false
f[s-\H;, u<~*4ivhtv&N5	1W\clD5C{fsiM/*=W2	_204I$C49'!,f[s-\H;,false
f[s-\H;,f[s-\H;, u<~*4ivhtv&N5	1W\clD5C{fsiM/*=W2	_204I$C49'!,false
"KzR ^eNrV{uB7*AU5P~'V5!B)1E$dp!7^NgR/|j9J},Te","KzR ^eNrV{uB7*AU5P~'V5!B)1E$dp!7^NgR/|j9J},Te","KzR ^eNrV{uB7*AU5P~'V5!B)1E$dp!7^NgR/|j9J},Te",false
"H d;x}Gf;vXn)`/r}
Y 	%2p~EPo?>pX
9iZ/6+*S/)`	","H d;x}Gf;vXn)`/r}
Y 	%2p~EPo?>pX
9iZ/6+*S/)`	","H d;x}Gf;vXn)`/r}
Y 	%2p~EPo?>pX
9iZ/6+*S/)`	",false
,,,false
!<8,">1'f:S16KCfHO|39Ja&Fu""G-xeb=ibJcR","e	(f<@?7[y(0XP$W(w2LB5~rb^~0<*y
L;vM>1mc",true
@US-~3GF	70Cfj,%/(O=ZF\`n!pGIT`_(XO>*I$#,"
T2'2nvfV~^2-E6n!r,t7RiTY?0%_R7 a6V=^1Y	",true
&Z*-`ieHE%&!-]b,CGD~oWc0g]XowOD)1,r?F6X	W.>Ob:]=-pQ]OkO'>tBo)!y5BM4	?i|oG/e	Q,true
4,v,"RG=* 7)""Tf%~\h@Ppv",false
"9B{L6^3
E{
e","x#4a:.WB#g^nL7\Lg>""RN*KNNUQ2 e ;","O%T7k!H)<^*1,i-3j&Fc#[.e:+'`Pp\A9W""er""%,`",true
tmY=,sdqr #e.]?v|mTj;Sl$,"(&5|}3*K
#D6HcmW?J?P	CFVTK\.7G1Qs*",true
"rDzn/]""q](DdWQ]mI[:)Y
","I,xVU$HW#KY56 d;PH\.8!fjR/u	R6`;gH","Zu$#;h7+QAYcN]+pOk4U5InZdxp[h']LhydfzykG2@
Gb?G""",true
L{pUl6,7k{hUl2 wJ,DO?SE&tStEzrdqc5xtX n-D_-4UEqJtn+4Lr,true
S3Z)MZ-d|GK\@<,"5Rng>[-p#H%k`~	rWV]
OG]5C,U{yVlU","<)?]HoXMfj]'VMzX4iudiN-Tr$L[EU1yT_VN
WL ao",true
"Ij|,W:zEP&Plp//kBDf&-N\8","34Zpvfc4
=D-||hidO=?o	R OxuC,Lf=%]ekG","(Tb3#t?zwe>k\XrsNMFD)""Gsrb>tZe
~y_jk[:mP`EkZR^S"":",true
"vaT""<n","sw^	GF_!8]""s__RsXRu$g^PmJ","yh S,^IY,XER(W'mdTJm--Eiu@!?3]uy:}!P/>?e",true
+mW,iVO^23LO9	t@#,"lvKa2]jr^Y__aa!Fp)8*e1,Ae	!?^1!y8[At[kdtw_C-\T{V",true
fPmy(rC$2	q~5,")|Qz&Cz4K*8?fL;8h<0!(
v'.\TY","8$`t3bNkN;4cj7eo>9Fw4bpm`!Zbofi(w
",true
D[bE1Itjf`i,BA=_	QX0_2},>UgW@h6dz(}+mfILVS^+j4|xUdSf,false
13xf,nM650PQ5bv[uJ#,JjF@pG59~;_T0O;sD	k,true
ywb{hnW8RVU,)_}#S87W[[HaTZc3X9,"vn!(yk_25*rmj,zAu,BcGYBz?
$/[1:n_No`
k!x`(o[",true
h3,L_R)jzs),"Ma*2""oB5lsOZV$}A[Z#;*J'RdOm,.7<2hb{m",true
aj1R~i?,"3YW
?X33E&5A`6*\",c|?bzRiQHxKO2Bxuf7	$$V/&.3<H%:$3j3y3GFjtj/I,true
7F,"v..*x""9_&5TW	qjWtUm{T","P(!r6F$Z+
9AYuOSDR}S);<>@m7t.
^L5UIK)}O@}:",true
,"iRx,
@xBZS6skhcKXdGIK68G?HMXgBA1kP",7h6US	c#5VRLzVcF8=>JA]6M30''tA:S9qC,true
ak.I5@`1-RI+Z:]TtK	ce,"'>M@66IrB<aBbRey*<(\
}T7gE:Yz)g.*",".\]1] `Xf'$nXJ+?-<""/^]nMDo@TK-1EL:J?",true
(NkiL,"I,MV5$FGHcY2)oJ	c#S?xoU","EfNMx!5\
iH1p(GX.Jb8f[N8C wyEk}TxzIqxepas$P$C%",true
X`9m}DBM{uy'D!,!s>n3v.J:&}eQgXD,\2nkQHZN7-N'x!tF=8<c-8j5;xTLbx*,true
c^8ey-Zmj}Jh9(>zAJ&KM*M}&H\o|O*]Pm7n^`#,^DJ%2;1YMNk@3.`&V#h(Hfo SndU%(k	~kR;fk/)ua+e,"	JyM,3RDf"".`F7}'^%*Abia>7Nfz(Tz|

zi@g!U/ru'[yzw",true
shgt\WtI=0S#Lc-l|o:Q,"	O""q\
/U]G2wMLL*tZDL|mWh!
",cm3fvnAP8+dUnWh 5(O1\08Aq*]`|DAe51?qh&a%M)\l,true
"\GD,G'*t0
j7]d`v]dwWGTq748 N6~ ","P""%b`2y@<|8Fa8.]cBj3o8&\-b.Z,dKL",}},false
"cy1]V`)/""+2","=oPT/zB#B?)smVAy"")Pw2.7$Us",ER:ZJD]%r%P ZjoiDei2d^o-.{GgT	'3gFn'*a=l,true
{,"ZmW:e!e\HaFT'v}'P7kk,[V-}txcNR",R63_Z%O/.dAlG	'JLj!f4(@iOvQ{`2>,true
glcr-m~??4VBhTq3/@2c.Y}h/=dt,J$|B~u:RyBJNG:&\DH- C$Y,"Mp7LPFL
_OTx
5 NpVM8ei.)\D?-
3",false
"(Vtu4Y8e:`~1Cbg^yN}A3 RPF""pp)4eT5z7FOv%","5~a;CY#DW.2<%@!u7$'\/S""Z+/(Bi}Mm%0wy]jfw	t",.q5-,false
"g	RU+}E%Q4
N=O8
g/Kga
"" }=i2I*=8'p4S+hL:=n+x/{M","xh@cm9BU..	>U""/b@)iU",f=|,false
"""QDnZsxW/BQ6P)N~	M=	m""0lSe?*.",vE/A2O<e/61VOsh~`JmeuTg+~CK^[xn$uY3Y9xkSN 8R,{qiSYKH&W&<'k1//`,false
"HP4
,A"";qqLMY1
scDQ05j,raV{rXbYORH3y3-B6j","2	LY,)(7@Ke@-6T$D$E5 =9cU","x`)71%&
dX	tfsE|`sqNwC:74xln",false
u\!/uyVTGv)([qb`5+W&?dtED3EQZ9}j7.8]wAkwN%j!,"J*>piow""Y5n853g\`^KQmx*(|JxT",";WMV08zJ[Yo@nZ\fZYf""3CJ\/Yh",false
DvlU}DP2Ri(,"+4k;:<VgcPXjmXs,&&&-i0HqLMaI.AG:1#;9E","^>Ew84bW\)8h}>U1
k-[++U8ISg9%K7J}D",false
"L(2R8}bG""n.ZBp\c2*^
X_z)[M$M$u8fxn>","7ancaNJNQ_vEgS
^!nR?","*/9~<*>_s6nqrr%>6b""da09{c;77b;BW",false
"5/L'AwBu:E,)M~n23Tu1XYVIUg'?","C^cw6FCpt!fl?
77LjM)j<?c#ywpyb",v,false
"]Gq]&Z\EG[F\m.""gEf+rW#
}wWdnEbRJ#_|q^tW",RajfEl&fG-.`^'RS:]VO/z;a=ERVlq^qoY4fg%V)j3NR+e{W,v^ibG[^Ab4*7ooMeeNK)mb.aaw>P[lW6SfA5ENx|v,false
"duHQ#(gD]""B]U^C{wL<UtD,[Oq-rn']qwdlz","l@=2XkTO%TyXg
[(Ks(f9SMQE97Z0",p0Whu	lo'UeG^F#eK:U@,false
ul+,"=?6T~A""fmLHq~nlqqe2*5,pI	2B6F|yQ~(9up~}Ho%5",aM.tGu	,false
"L#E<
N",AzQfX6,Pk5wD+$gRu[{Dp|&$q]udii5U6*a,false
6`}X@`e[V,(UGGzVN4]*AItG.7Mv@6a.gQi@iG),"xAn^o+_;c)a+u@+z;="";[Ma23)|03Im='W<goH6",true
')QN\J?U\tU`H5VEjPU	?d|GX,"gnI,_7V 	vRT,YZ(,<?iqX2]","VsfZL<`eMR`S
U-4$J}Jj+%)BE DE9iHdul]e",false
"wI!m%vvHer_gdEB|02+cU4d[,;Z Q=0?NJc:kXlf[A`d&>t",E!)|4,f]0')C	KEk:	,false
"V/GI&_i(.pzW;5#ajG""q-Z{1=	UW,pxg0@g3I7:bu",;'mVyGW.IZot,"nqP>][S]LK	;pP}VYBTZ|%UL/yu{umWGNu_a4,]zi4k>][j+",false
"93KZ+""oUthC	
Bw",DiV3:>gKkMj=@E_.>/0l5vV[Sy(bBcxQ)6:BWX] ufbK.U:t,	K;Vp[>Q=]Z8	-# @T%x,false
J^MDXg{6<#ejy[D_oP,"R8E\Qk|z|-bMc,s\3YCZ,0M,","E*]/
iZG-b#OuK""""4$",false
"w^ *#ES^pS?1{d^0&r{5F=WQ_e""l_U>_And5x",~D/eL*4X6)q_uZ'x>'M`HTdNo,"p_OeTaD \+\QK4WbPN?a!^|,|	C6]*&(0&jo",false
"B1K_&	d$0P;_Zl
Bx21uqBmKweb-w{eE#F",z37N}g\p3(I9`H,cGuS)aK9jFOW_ .dTT WP_l,false
8ec!/dH_RT_8`	y.fBltG,=Y!]/VavgAM,"FQPc3Mjj?t9@=~y&
kN@",false
+T_3>eZ{zh2*?Zb]j(	5%$X*8Syo\;VP!;,"~5G	=@nvSAC>t	?d
hHaAeh*|	x%no_4oxw",bA)CGF,false
"_\{cZ6@	KD~>XISMS[7iDHO,.d$mdg~<WDTJ;SdkK","n\og}r#{}k*GY<[RS/7:Z?e
m<Le?J",eY3XMJ*dz(3@,false
"RE(np2OiLT@S++MJcwopH\\P>SLF,fu~Gg7vpnJv","=6,$fOX\C",U8r&ahEP2p%>QUwo!Cc(=5A#MMF}6T,false
aj,\9X.3g-w:wchPNdF\>FGLzTEK~,5k;X)-1TF>f*b,false
LD?RyBk:EDyc	M- @|7^Vc	3LtjwN^z]Z/+,"""OcD<qnQ7-&pJd2
K,uI=BubJzq*EPX;FDI	pbc:*frs","(dw$Dd?6 44FumTpbx)?TT
;",false
"EH}Ri9""y%-S8^aI/PXxEc4o]e#","{7C?kc$5,x6BC'H>U_fLkgOXfe,",N5_Q/r'|>>iZXcPJVRu|RE77((>4j;Ela)X8,true
"T,!Cfzhk",	r<1RqR.P5K?pnAO{QIU~8dnX|Au<Nw'~bkH:+(NKB|,;Q|%NAy{o<\O[>FfP,false
ihLUDEn%-B*JbL3fVJhw,"a_EY4]Gr6i|VHXE2M""PFQd!#5s_q&","5!^~TB)w[p+o+th8+;Tsy{[gdU
ewYI",true
*Q@	d^8M+0g:8W5aH,"?lV&s>YVP[m[!*&\d(@3FJab;6MS
tZd)c]T1=)S73",fIt#AJo=B> 1^J8>KoIuTsHp,false
"-=cNP8x:tUH<""31=QxV(P3:/ s65]","{HO@	LXDef8b,VJ&bc!JJLKK!O95Vs=7","9g]]Dde5RouQ(My
JC{t""5&#""Z",false
"f2M%g9y-%x-(P4iO6\-mK{
Lg8_",,i7 ,false
"To;hq
\VRH[<|3u[wW.rzSL[g6W!am<wtiE&vg=Yi$7`","QF5^R]h4
3H]qUqEu@ 0]|/;_PRG{oM
yD2}&E.+",",|l][Q""88%>-BNJkLH43\KQlJOLf",false
"y:9(|o%l9p$%77C0\[pr""3&c @9","
:424Zw",_JFl[;	E?x)!w~n4s-.0QS2*@i@*=EiP$GcO [4c4y!,false
wge3g\Z`)>#+bb!_'zE_BlR)8{-S7VBJg.3SDc.t_.5,iw@,"y.ey7kX$Zi=OZ~D!$|S_]""Icf9_L'd<dW:Y<$g&uG<WnTS7",false
"ga{bv~kY=7""Vi;""f5 87hPe(C","zGE1(uWa9\rwm^FTdDozm,@",nu?l]k	X,false
"-d^\Tfa:y<	=bv)}#zr""5+d  ABY4F`\Vi","ybQQ{.A""?BW!|1gM","v2{-B5,<IdMML""Lm%t4K,qA7vCqSIBK*8+xaz~",false
)4;	,1,M,false
|=E(K1?|}K9x]#'oSAJ8oO{2g/%oxZr,"Q""W^P,R0nRSL}3E<>xt|X-#)qMd7 ge-(z86*nZAgd",}{>9O,false
v%TD~VDn01	D_m-x\pBtZVTxwFS$8,"Ap_,n0V|Y[4f'""Erx5BVjTBjn!`G*A	C Iin",Jhs+cm*:?q\[5lmk`;AP (caZx>n2HOFTF`h;iaXI;GzwdYm,true
"~:wf	cmKGb'z^g~Y%x,w""}#g]p6iSv",}`8aL\!0\&P1(tA='?4	?J3*J<G@\,!]lA[z:r	(,false
"T}N;JrG5$o(,o\px>[tAKN
j#s+p{	at^{_T",iS,"wYk%}XTr(EWk\.|#JNgJ{(fKIb]5:mC
2$Y4GLdGvh",false
eC!mck2| C%q 60ux#b^G	07-,"%V5@'M{n4cS""VO`dE
'<k0=<","_V6Q#'$+	M3*r6[hAX\E""nyJ;kan3xNhq&BHaBjGOI1I\I.",false
"/ze%:k
QOmve=YaZ~a

Tf<C=!2pZF%3uw=eX2h62h|z",ZI,'g1C:)n[0sk fX?@<B.j*guu:J,false
"{&WBm>9~PR4Kq}H:X_XfQ`eNQ5O7Kbgjwym
mKA\4",".u1R[,^]DF_ERL 7FM4]<C(UbLR*j6$U<nq^I;|#i","<"";(3=",false
"h%D
0)|bO-=rA",`UQc-dpN	cyoE8,^qmX$\VCyV+bnz_uc?C+03btiG~ 8'n,true
test,,,
"[J_oa&5$#20c ?%)sp`{2+\d|$TI)>""3>>_W!","[J_oa&5$#20c ?%)sp`{2+\d|$TI)>""3>>_W!","[J_oa&5$#20c ?%)sp`{2+\d|$TI)>""3>>_W!",false
"+.9XC}""!)xy2./XZ5'T+KUIUB/U! f}""1.r][Oo","+.9XC}""!)xy2./XZ5'T+KUIUB/U! f}""1.r][Oo","+.9XC}""!)xy2./XZ5'T+KUIUB/U! f}""1.r][Oo",false
"z,;`!LFyJQ6s ","z,;`!LFyJQ6s ","z,;`!LFyJQ6s ",false
"$/$
xt`,	>gw|D%?t3f8+j;tTj'LhR
(m#9wzbc4#7<z","$/$
xt`,	>gw|D%?t3f8+j;tTj'LhR
(m#9wzbc4#7<z","$/$
xt`,	>gw|D%?t3f8+j;tTj'LhR
(m#9wzbc4#7<z",false
:OVB>lzz,:OVB>lzz,:OVB>lzz,false
mNE$QSqn,mNE$QSqn,mNE$QSqn,false
U!Dm6$ \~h5?1msonM3d'Tj!Z$OJ;vHGH0/Cz,U!Dm6$ \~h5?1msonM3d'Tj!Z$OJ;vHGH0/Cz,U!Dm6$ \~h5?1msonM3d'Tj!Z$OJ;vHGH0/Cz,false
l5}*060Q+`R^4{y^E{&5h.AdWS#2aqYs,l5}*060Q+`R^4{y^E{&5h.AdWS#2aqYs,l5}*060Q+`R^4{y^E{&5h.AdWS#2aqYs,false
",b	'`!21k=vtR7)>IXJ{Q?/	_=m",",b	'`!21k=vtR7)>IXJ{Q?/	_=m",",b	'`!21k=vtR7)>IXJ{Q?/	_=m",false
'@jx*<\zaQ.Bw]LdSGLo?31%# 1HYTe^@ZqE]K,'@jx*<\zaQ.Bw]LdSGLo?31%# 1HYTe^@ZqE]K,'@jx*<\zaQ.Bw]LdSGLo?31%# 1HYTe^@ZqE]K,false
5y _4$t:,5y _4$t:,5y _4$t:,false
?v)NQm,?v)NQm,?v)NQm,false
";H(r{u7}@?9[BP""r~Ai0Ob+N:0lR.P4r916'""K
%mqi_j.M",";H(r{u7}@?9[BP""r~Ai0Ob+N:0lR.P4r916'""K
%mqi_j.M",";H(r{u7}@?9[BP""r~Ai0Ob+N:0lR.P4r916'""K
%mqi_j.M",false
.<CQ8}T-cB<{3%LULd1Z$w=Spzfw]=/&$9,.<CQ8}T-cB<{3%LULd1Z$w=Spzfw]=/&$9,.<CQ8}T-cB<{3%LULd1Z$w=Spzfw]=/&$9,false
UGebjX*JB]X?zLdxah9gL2.C,UGebjX*JB]X?zLdxah9gL2.C,UGebjX*JB]X?zLdxah9gL2.C,false
"|?n
C	&nzY]@pj/6/#>jyU""ZAz8x6U dW0e/TG?6Q1PbEyui","|?n
C	&nzY]@pj/6/#>jyU""ZAz8x6U dW0e/TG?6Q1PbEyui","|?n
C	&nzY]@pj/6/#>jyU""ZAz8x6U dW0e/TG?6Q1PbEyui",false
cW^QRt+%PQ',cW^QRt+%PQ',cW^QRt+%PQ',false
-`yUQH7,-`yUQH7,-`yUQH7,false
"0szjP1MJwzpgm~AX`j&#dE
id6atAi&""Vr*RLx=I_","0szjP1MJwzpgm~AX`j&#dE
id6atAi&""Vr*RLx=I_","0szjP1MJwzpgm~AX`j&#dE
id6atAi&""Vr*RLx=I_",false
"[,eQal>jaNyQ[!R8w~.Z'j","[,eQal>jaNyQ[!R8w~.Z'j","[,eQal>jaNyQ[!R8w~.Z'j",false
$S9$bQQ.,$S9$bQQ.,$S9$bQQ.,false
u.qA3	Jdq\VY{F'a#xt{K?kO5V.5} K;|vq8(,u.qA3	Jdq\VY{F'a#xt{K?kO5V.5} K;|vq8(,u.qA3	Jdq\VY{F'a#xt{K?kO5V.5} K;|vq8(,false
" WX""n-V8mU)El,so>wldOO,"," WX""n-V8mU)El,so>wldOO,"," WX""n-V8mU)El,so>wldOO,",false
"[<Y4?Ta{R1pLQBA$2BSP/sm%,o/XfhJBf?a","[<Y4?Ta{R1pLQBA$2BSP/sm%,o/XfhJBf?a","[<Y4?Ta{R1pLQBA$2BSP/sm%,o/XfhJBf?a",false
" -	c""gz7w]l	}:}Jp^wJuEe0r/%U"," -	c""gz7w]l	}:}Jp^wJuEe0r/%U"," -	c""gz7w]l	}:}Jp^wJuEe0r/%U",false
"8Z N=>{aCwaJ
6=G","8Z N=>{aCwaJ
6=G","8Z N=>{aCwaJ
6=G",false
PM5rdc/B13wPJfwd{N$'Sgf_HP@J)%GT /;Nqo!~LPkUH`7$,PM5rdc/B13wPJfwd{N$'Sgf_HP@J)%GT /;Nqo!~LPkUH`7$,PM5rdc/B13wPJfwd{N$'Sgf_HP@J)%GT /;Nqo!~LPkUH`7$,false
|q$#v[M+xh<,|q$#v[M+xh<,|q$#v[M+xh<,false
gzp()6e$k#._+}^HNk4=kl[i<kX&(X_7OC Ybld=2,gzp()6e$k#._+}^HNk4=kl[i<kX&(X_7OC Ybld=2,gzp()6e$k#._+}^HNk4=kl[i<kX&(X_7OC Ybld=2,false
"Ams#Y')FPlb{,9+[Q1","Ams#Y')FPlb{,9+[Q1","Ams#Y')FPlb{,9+[Q1",false
".|^@I,]{#xU:
&0UmlMw\${ZxSe#.c/q \A$J
",".|^@I,]{#xU:
&0UmlMw\${ZxSe#.c/q \A$J
",".|^@I,]{#xU:
&0UmlMw\${ZxSe#.c/q \A$J
",false
t	;EM5JTEGV<v9o+u7z	L\7@ 2&~^,t	;EM5JTEGV<v9o+u7z	L\7@ 2&~^,t	;EM5JTEGV<v9o+u7z	L\7@ 2&~^,false
zZ!k,zZ!k,zZ!k,false
 0DD<C6vi1Ya, 0DD<C6vi1Ya, 0DD<C6vi1Ya,false
":+ Y,s`C:2 fc%5C>}LW8qX",":+ Y,s`C:2 fc%5C>}LW8qX",":+ Y,s`C:2 fc%5C>}LW8qX",false
+(YC_p<N{Mv_=2tXx4,+(YC_p<N{Mv_=2tXx4,+(YC_p<N{Mv_=2tXx4,false
7gFK]6F'LO,7gFK]6F'LO,7gFK]6F'LO,false
"8Drdk(?M(:|,HqZ]Nf/Ow3SegJ?YVVD%X][!""F""
$","8Drdk(?M(:|,HqZ]Nf/Ow3SegJ?YVVD%X][!""F""
$","8Drdk(?M(:|,HqZ]Nf/Ow3SegJ?YVVD%X][!""F""
$",false
MvHY[ bmC,MvHY[ bmC,MvHY[ bmC,false
>EVy(k9VqI5>,>EVy(k9VqI5>,>EVy(k9VqI5>,false
\OAB$'iXfb ]!,\OAB$'iXfb ]!,\OAB$'iXfb ]!,false
"]V<_<H:5#31V:hu
@+]X=kO@","]V<_<H:5#31V:hu
@+]X=kO@","]V<_<H:5#31V:hu
@+]X=kO@",false
^eV	ghe,^eV	ghe,^eV	ghe,false
Gc7Xn$|0dvDQTn;V,Gc7Xn$|0dvDQTn;V,Gc7Xn$|0dvDQTn;V,false
"8's[p/$h1R.ii,.`w:_#Pp}M=F","8's[p/$h1R.ii,.`w:_#Pp}M=F","8's[p/$h1R.ii,.`w:_#Pp}M=F",false
NCa[kolH-,NCa[kolH-,NCa[kolH-,false
kGz>DG+5:0/W6Ok7;+5Tt=+dT6;U4	DkzLU81pF2$_=/|t4,kGz>DG+5:0/W6Ok7;+5Tt=+dT6;U4	DkzLU81pF2$_=/|t4,kGz>DG+5:0/W6Ok7;+5Tt=+dT6;U4	DkzLU81pF2$_=/|t4,false
"d^`ATdWiCzyc""$i6Po
n@89hc:sv8'?12y^h6gvd""%#>	3","d^`ATdWiCzyc""$i6Po
n@89hc:sv8'?12y^h6gvd""%#>	3","d^`ATdWiCzyc""$i6Po
n@89hc:sv8'?12y^h6gvd""%#>	3",false
"p6G ?UBn$*+andgCwcq{h	gAw`""A","p6G ?UBn$*+andgCwcq{h	gAw`""A","p6G ?UBn$*+andgCwcq{h	gAw`""A",false
K:'7|80VHiae,K:'7|80VHiae,K:'7|80VHiae,false
V-q*-uZrI}r$P! =:K!Q8EiA:|c^L,V-q*-uZrI}r$P! =:K!Q8EiA:|c^L,V-q*-uZrI}r$P! =:K!Q8EiA:|c^L,false
LPLFEDO3!rM$G/pcy'z R%'dIGMr?b8@(v\'K78W|h>m;%n,LPLFEDO3!rM$G/pcy'z R%'dIGMr?b8@(v\'K78W|h>m;%n,LPLFEDO3!rM$G/pcy'z R%'dIGMr?b8@(v\'K78W|h>m;%n,false
"j+k$t^^W{:V^3LT +,0g=;F$^'H^g PUo","j+k$t^^W{:V^3LT +,0g=;F$^'H^g PUo","j+k$t^^W{:V^3LT +,0g=;F$^'H^g PUo",false
`,`,`,false
~(w4c`QjEQ,~(w4c`QjEQ,~(w4c`QjEQ,false
gjDm0o#1&hW?bm`Ucl{=D:o:Wy_[UjZD8D4FH1,gjDm0o#1&hW?bm`Ucl{=D:o:Wy_[UjZD8D4FH1,gjDm0o#1&hW?bm`Ucl{=D:o:Wy_[UjZD8D4FH1,false
DeCYcRV1q\,DeCYcRV1q\,DeCYcRV1q\,false
"hFPf9kFH/4(|Xht-xv?_5%""C=:#--5[z!m|yK)tV@<D\p","hFPf9kFH/4(|Xht-xv?_5%""C=:#--5[z!m|yK)tV@<D\p","hFPf9kFH/4(|Xht-xv?_5%""C=:#--5[z!m|yK)tV@<D\p",false
vHN]+QfWA`F~D88qqJxSgmG/Ocdpkr 9X*-.Sl,vHN]+QfWA`F~D88qqJxSgmG/Ocdpkr 9X*-.Sl,vHN]+QfWA`F~D88qqJxSgmG/Ocdpkr 9X*-.Sl,false
b@HtJg%&12.}t*Wd0O,b@HtJg%&12.}t*Wd0O,b@HtJg%&12.}t*Wd0O,false
"|2HV;,8;Jh>F	:","|2HV;,8;Jh>F	:","|2HV;,8;Jh>F	:",false
!0bWq(m0_wVOu S)k]:8][,!0bWq(m0_wVOu S)k]:8][,!0bWq(m0_wVOu S)k]:8][,false
_ACgu`Pjk6rl1zM)UTJ@@Rc<`bYUzpD_,_ACgu`Pjk6rl1zM)UTJ@@Rc<`bYUzpD_,_ACgu`Pjk6rl1zM)UTJ@@Rc<`bYUzpD_,false
m/_j3?v~#jQ;Und?Qz'a~9K!CmBr|the,m/_j3?v~#jQ;Und?Qz'a~9K!CmBr|the,m/_j3?v~#jQ;Und?Qz'a~9K!CmBr|the,false
C\QX<,C\QX<,C\QX<,false
"`1Ff,HD;c$'Un
N'@?>/W@","`1Ff,HD;c$'Un
N'@?>/W@","`1Ff,HD;c$'Un
N'@?>/W@",false
-19{*b=,-19{*b=,-19{*b=,false
"Q?R""}","Q?R""}","Q?R""}",false
"2*^4N4#rvyVvV+^l_,AE","2*^4N4#rvyVvV+^l_,AE","2*^4N4#rvyVvV+^l_,AE",false
"d, u	bN7cd$iz4hsk<;9","d, u	bN7cd$iz4hsk<;9","d, u	bN7cd$iz4hsk<;9",false
6e/J{?,6e/J{?,6e/J{?,false
4VbCj,4VbCj,4VbCj,false
YA80`sb,YA80`sb,YA80`sb,false
"G+Z0dI*D$A>:@<Vq:-l^r*u,@(%Y2:2UGMt""Sg!M(1M","G+Z0dI*D$A>:@<Vq:-l^r*u,@(%Y2:2UGMt""Sg!M(1M","G+Z0dI*D$A>:@<Vq:-l^r*u,@(%Y2:2UGMt""Sg!M(1M",false
"6pNR
[-QoM:|j$c-HmL+?X,DM
W8s+yh<[?mI,>$]5;","6pNR
[-QoM:|j$c-HmL+?X,DM
W8s+yh<[?mI,>$]5;","6pNR
[-QoM:|j$c-HmL+?X,DM
W8s+yh<[?mI,>$]5;",false
"w,s[7reN<<Ds8m","w,s[7reN<<Ds8m","w,s[7reN<<Ds8m",false
\;l4Ac}Cr',\;l4Ac}Cr',\;l4Ac}Cr',false
/]>,/]>,/]>,false
"t""knFPsu]+#}f:~Y^+IC@<","t""knFPsu]+#}f:~Y^+IC@<","t""knFPsu]+#}f:~Y^+IC@<",false
"!OEOEchSjYu0Yz%T ""jcPS","!OEOEchSjYu0Yz%T ""jcPS","!OEOEchSjYu0Yz%T ""jcPS",false
,,,false
"R9!_8d07D(B(!R+Xf$da+,(634yWT_2]o:5|","R9!_8d07D(B(!R+Xf$da+,(634yWT_2]o:5|","R9!_8d07D(B(!R+Xf$da+,(634yWT_2]o:5|",false
0	unxOe))Ig_UxA+iad~>CM7P~XJu-W0h41s9Z,0	unxOe))Ig_UxA+iad~>CM7P~XJu-W0h41s9Z,0	unxOe))Ig_UxA+iad~>CM7P~XJu-W0h41s9Z,false
"7""-])4o&5n&WM%z9>$m:vCy#H)n<*2$0	'7","7""-])4o&5n&WM%z9>$m:vCy#H)n<*2$0	'7","7""-])4o&5n&WM%z9>$m:vCy#H)n<*2$0	'7",false
B=;fDdFo}DZzr,B=;fDdFo}DZzr,B=;fDdFo}DZzr,false
M_W7'ynoBxG$,M_W7'ynoBxG$,M_W7'ynoBxG$,false
wBZGrnYR&MUW3hm@$rpv2SB`QUaLx.55%CL,wBZGrnYR&MUW3hm@$rpv2SB`QUaLx.55%CL,wBZGrnYR&MUW3hm@$rpv2SB`QUaLx.55%CL,false
O&J|}rqI9u,O&J|}rqI9u,O&J|}rqI9u,false
"-wo24Sj^#g)OJU#gQ,;w07li_#","-wo24Sj^#g)OJU#gQ,;w07li_#","-wo24Sj^#g)OJU#gQ,;w07li_#",false
8Zk:;N!G.,8Zk:;N!G.,8Zk:;N!G.,false
":vZyJ""(W:	*I(j]\zRG[sf-DPH	dtL}~*HfH`m
-!y'",":vZyJ""(W:	*I(j]\zRG[sf-DPH	dtL}~*HfH`m
-!y'",":vZyJ""(W:	*I(j]\zRG[sf-DPH	dtL}~*HfH`m
-!y'",false
"QlNRw,3KM<jZ{Mlm3({&ndwO[","QlNRw,3KM<jZ{Mlm3({&ndwO[","QlNRw,3KM<jZ{Mlm3({&ndwO[",false
;Y]0lfY2D0(nx4S+#]>4F^EsgmY,;Y]0lfY2D0(nx4S+#]>4F^EsgmY,;Y]0lfY2D0(nx4S+#]>4F^EsgmY,false
"r{	{+&B\f'8M,&8=6xI&N","r{	{+&B\f'8M,&8=6xI&N","r{	{+&B\f'8M,&8=6xI&N",false
^'P:_	a?o4WG5	,^'P:_	a?o4WG5	,^'P:_	a?o4WG5	,false
"U	FA[kF0&NkU560w3,","U	FA[kF0&NkU560w3,","U	FA[kF0&NkU560w3,",false
";A	9>Ye
dn4:{H ",";A	9>Ye
dn4:{H ",";A	9>Ye
dn4:{H ",false
"CIgx}lr6pq,ohiB7(y;CTpxc\Z~LX?SoJ$v9)!Bq=lY","CIgx}lr6pq,ohiB7(y;CTpxc\Z~LX?SoJ$v9)!Bq=lY","CIgx}lr6pq,ohiB7(y;CTpxc\Z~LX?SoJ$v9)!Bq=lY",false
=h>P,=h>P,=h>P,false
pm},pm},pm},false
O/Kd&?LhXo:`\qmr\\-q!,"{)46't\""CV.I'C:us\.qUcR5yrY':x(w	Gb","INK/""p'HrastO]]NhUiNUT-_]|3glv}$\T;0-v	",true
q2=,38.coI,u9OkN=|5h0_,true
Ar,"d}0w<6l
d)OEFat}Rc
?1JsRjpmUiQM""0s","E)]O""=<%|X@v-?-CJYg=T
MQ`]VJ&m6)SK^WA+KKFE#4@Y",true
"xh!{Atsl,R","9""w!o::cy"":M5`7*Ag.vtQ",F50iU y&Ym\ZN(o00pMD{pB7^5,true
S2\Y^(,DU%qV55,"A"",THy/,v]Sd|8j{&FPeO/;)9	zrsemP]uz)T#w)?Nfyt~`",true
chb9i,U)ujnd$SwwsR\)NhQG,"\)4?/# =D,X*H|Pqpic_~7	s",true
"2]s:""dawm",!~:kjEP1O4rBN_cI-X,")9x*W/W_!YoY'oxWQx*
Ae;|s/0JJ^gQkc79b'IH",true
JLTMA3zA,"r,K$:d{Ov!><ZQZ_Ty]q^{N9y$j","+
Sb.TAKhM(@U@0yhkkq@\du50p|",true
Q$,"Slh/
{YoPn`,r!Z\^Q'sncE!cZ","1zEcg2~ @}7k`!uolbw/(""s2EHPDFFPWoNL",true
g:btl~v_I&?#uFm/t1tP;V0,"uLx@#wJUswy,f4WyCTnT	V[?l8+y)w*8","sr&hy&lck3:V=vIJ
9Hmu6iUL]{b'5cmWZ""\579g	DL4!",true
:TK(y,"'%fgr6w*S~R(3<p`facS4U0.'lm:""j<D*O#f","@@-)is?w0dpM8o[VBZar?8szfLB,GOIPr>Uh0k4BQB'UHm",true
"D?mCV""7eJ%zw#g","g-Fyr***rfx!e;oa~(
M",0Mf8nIv~VYA<ZD[zWUGv}{tj.!y.$6K;21ww74n2hk,true
qx,"	^Ni`_`qG1LVB""nbu^l?bQO|@^L1>|f","f<m10Lsp}y
5.cG?@yet$b,=r""o.\qg5Ui0Ouk3g",true
QWH$xLwlN?G#Np>3Z=m'>_FB,EUmR59QgTcHX 5;7k7Wj5oF\,"y/ZCxIj\BZ~""*uh-QTLXAi|_3",false
A}Nv:v,"v1$_
t",:UwicNL5]Qk$B4~/{sK_C=[5ENDksI[,false
"-k:Q
GR","k8B]??15_~-;Voy""Gu6824#.l[N/-%","v|y@~H+wS!94SuCR1F^q`Y)w[\/D&EG6.ZH^C^,/d",true
"?7LfY.m^tV)j/oDn[U""2.H\`08+8s4","Wqgg]@|`\@;'M'kn%=""39I[rF&7~rLq","yieU/<	 u	S0eI-['%
!K&3aw;p&M)HGnEHY",true
1YzqUB@\J=qM)qh;t.`,=s/c?g^:`(d2lW2K{!nf.XG} )+48?]h,"s""hPa{'YZ [Ra|$d7+zqi-|5QIcpAy`U""O",true
Qv?EcT>6t>	~M3eXw3`-1J)}`?8D\Qg}c,"8x<N<bs^xT/O\<*3<LCw(B)(f%@q]I0*}5?vUIgN\V""","v<jew.""B)FN=Hr^ JT;?<,v9qrf^7ELN|P^kLv=$,l>)7m
wx",true
,"qF=n7*,?_SIr51.`%-yvlh",[HDJ50UMa7d$/&13@HZa)O]:,true
"<""4IOd[m
&,|","""A}o]YGi|Q:H","A4JO$7|qz_LzAE&NP'YJUo77
t<S(6",false
=ZF.7cR[zC`4bGrT&?5DCP<?d_%ad3h,^\?HycWfX3EWi`pbypQ>Q/;E@xvj3H6,'COClv;*Ak#RU4J]x}P=HV-&h8cZJI*G,false
O/@fka:HVs6,j6>^sASx{RvKH8g z7{KyPnd:>9ZNynD`,'3pwTn*k =a5H`qe4p75dgF@GC{8mU1|[G\h,true
,"@TR^$j53Szm,U4Ol}#(_dC628",2vg%pG]!RAbCAY(l_&~S2#1fvBV6,true
"	 
Ma/","uYnRHnyB]I*3rTuxg{86Eu#UWl{0?P-Y&
o.",[ZsuU	ZJl].YXzoEj4fJk.-AJ4z8x@`d)cL=(Y:,true
W-HFVbQ,Up6peM-p_D1>S+Amf!P,"5wYMN?)a
~6
4j,W62+a x
""$IqYE?MWsD)
6eFU)F$;aEzn",true
NW&-CW>mZL$/MYF,*oWd6R/M/de-oeW~,LIrq]k)`xs:P6\Qlfn98	Tjk+xM,true
hCE_5`Mu	;+k8tTF,"ep	~
{%wk&W $7'(csO","lap|$+PVu3):M]ZB1jffT0>Q,SB/jO%
2",true
"Q,D_BUE",{(oZ	4kOR7sUAR6,TO+~; )<;Q&F&yf%5JgHAuJ,true
eij$,^IzMD3DC2#>Tb=2gOCa%@&#],">@,Yu+
Gw~F<MtQ^`]94[zAQh",true
",nv",ye?	xiGXsat,QnCDl$\3WiQU0kYx~!+n@WZ	:EaxvlHKpsz|u?~sa<Xfz)3%+,true
yVPN7:A$1B4#j'+ltS}gp4}sdQ~,"%XdOG -IH<s{cD
K9	d=9.Hc:	;D-c8G-z'7X","+>V;4VF>)x6pC_/rW*AgrS:	Y_K5GDj\*u!J4;,Y'*4",true
z\%Ej0F,A??%<7pP3e9_Z%5VJFL,"*XDrb5RBNRW(S+^rhXhEpQE)_-|MDIx\,""Izs 4(""vt4a0d",true
"=FuH$E,su_|46t5q?^C2r*I's$7my",-|V9	:!B]h3=#[?NWbx]gFlldP1lX&!,"""4xAX=08**2&)0)3A4p	<r?f55""<,	zZ#mF:AA""4S""/?GL:Q",true
=L!Y.,"*|y% z@dY]`Xq_Hc!*tO18jpD|_%,\mX/F8}",";/$
%gg<?rU)xL+k.[}82z6{%J 6u(Xy@rc\)/",true
,_>VoQw'@ld[1S\m,"vHk{-?~Oe+= r8>z
'@GTXsSz/rtEi2DIdC7",true
eKtytQW>r)9\,"o*>t/q*va,R9|zk""jMl3","[])]_*MC7#<FW6<0|.x""i^OMr7J/Xu_W|JuSu$Ynz8+XK",true
1,XdT1:=sTo[t!W~f(,iG da2zUs;n~y*6^C~HU$9U3G) O:|,true
31,Y|_%!g[qUL;3)108$f4yWm>gSdr/.59,#?dzxD&irqeLK`l/wFDHIof;9$~EQ]kW,true
3Ng),`\^<D,cq^3O>uM,true
**w^q1XF,dYJw$58)v]|o~xpH8[,{t*%tfW%/IJqabv2 z)(2Tj/WI3/,true
"n/9ATRW@u)#Cu	*eO""R5'0x'VM`g 0Gcrs=lc6^b","@X:'N41
|Zh=Fy'/AcTcY>CPp'WJ$H'cb pD^;Mr[r",a@	q m]dM:W~0OX5o\Jt>Q=#y'ld//Aojbaej>.n'&hBP,true
"c6]p""zDkrngg v-32jZT9&NpSCJ1>|z;",	k 'HYa/i75A_l8{g<pI(#V1!c-0~&I%qI,=*eak-t^)XP[Vr]2QSKl{ NBooLMAQ_;i54|0w'PK~{aa*[,true
c-SdZFHiNa1<;u/,CR:6=gV J:}(#?SINAD~mX,>\*qK	I2lce^L>xd%Z[_^^\EPsT9Ni9JLy!,true
"=$6|D-X=t""{C
k",T;Ko6zN9sFFv^p\f,"FAGb,BjBVVL?Ej6'O2>4nb< 4bQY""mec5 ;",true
!  u/GEGS6B9Y1Cs]gnZOTCg/zz8a{dVxtz?zsDa Zh,"/:""sl']i,~9	Vr.}iBa}OOIaRivAQbPZW<
q=bgt9+R[(","c6uy,Y%rhB:]SyNPYt5+S^G?Du&
{EII$KGb}k{-tYWU@s_",true
"
q|",T\6k7,"C}z)`<j45Pm$]i9~y
0""8,2Tn-+",true
"()DrS`#,","=	Ej6,u10es~e","w)t~^n1FS
O
3\W1K|q$",true
"1P*@z~R|%Tf:/Pk	M^\VH*/;g.$q@F 0JB:""=","~|""u`$6#jt`w-\?:)A[PFxeVz *fp~XNkX8C{s0","c1a)C8oS`S<?
D+J'moJn.dO?2C6<_0+uv[0N@l{hQyp)cCH",true
 t(&,">Lz#@oNA\r
rs6","?(,PLy]=I)Y5uV&(!CYC#..~`~Wh",true
aY;M$Z)V.sl," ,Sd%Pl+clAmlmS[7",cL)$!^}&)^1+w_9}|q(rA&D( 1,true
D0;/r{,"~NAZGY=v}Cfl1Zk5@>Z(%6eY9 S/@_V)7;
J",".hmkd3%
L9P[(9Om""GTu!xdyRR:utS1Cx =6^__gVB-_eiho",true
=vS6wfe<Ez2T\paV,	glz!)cF{z0[ AKD^nsZsP?;(Ab-,`U)-PNU<_V}#aqF92G6L5:*vD&c\}tU9@6LK&,true
"(.^XP8_DX3(""6'Kg6Z7","(%H'm30uP +91X,*z5NJd0M,va HH!?","i$!pfdBNa7s,k2B05:"",UZzm)-osbGYXZO",true
"1Vo>,o?jt|$Pw8EsOJf 4#]^$&Q	",QQ{Z'aP'Jmv!_~.e9Z~p^uVDAyJ8~,TlF1z:yN&ft]V*s;=+co:K<-MvNM}!O&]D{2%E7h9Qu,true
5,6I!Ym'Ew~!,"  IDMHY>:&gB?h 6Y-Ts6P,ceu;m
&fXOC~_@ZJ$[JJ",true
=h6;Ve,Ni:NT<S>OATTZ%*My_9^,"JH]rb^-kkI:74.Yo)]^t#r,?Y3Mykrgo;LG:3%hcSCBh",true
,@CB#2][U,T8z&xjx1 ,true
,(Y^MC,"uUK|`,qj]WmPD{|-Lrm8]-Sh+@K0AFA	p",true
"sX8O
0v)",ZR7>wGZR}j@,j(i8	cDxr#Sa_8C<V	Cv?ER,true
Ko5#,"q$Q],PuT7 +-2q","T<]=D4am?GXrA1e0o32;/P^
-,f",true
"\N7"">tEF[d^1e#S",BFqIG:Y8O_FyA&we,"[:P""8sP3\kmnb>[DRT1l
E9DP#|K&lgGALdYq5n^n",true
;Pi:M8oA$_AaTB{iN0Y,_Wwi|O;/)0q@To]KK)Y>_*2&hE?38,;}dF\iS6{#WmXYJaVKKHve9tYucE%^Z,true
HWqo~Zart[vH{]8bnjR}4?@&-W~1#{\,}m^N2P8k)==f%+GP4qeSl4M.}?qHEh<XEX/yv~,"jsP*E#zGUaL|$yY~S{SsQ@mT?,5LrxD)2PK48tTK`",true
P	I'kK,/Tj^XUz&u&3w;5Y,"!*{F,;]2~c4[IaQ1]S/w_",true
,N=|xhrlX6=,"jP'[Y(T.RY=x44g)cX,D9[5%2T1vPnL*a-{MN",true
~'\Y/pVSc}Wy!NGGL=,"[r&..nTA{ $$	/P8#RBP|iLEk3Dj:+T<
Nx-< 
n",*aG/slo`yGE%>8G<rlGFu]j8_r@fR:IwZL6#bPe-.5_,true
"(DMh$\{Y""","C^{WWp[Z2. WKok=,evFjA9c#)t",er\fJLk<fC~tF53D+jDv1q$RL~3n-tnIg?:4f~-|A;j<6,true
N|[Iy'o UV|}G2o5,"1`(Wm{zMe2!7#35k}:xRw,=""xBZ
@/r","(Iry	*)IjPOzK
'l%Ja6x0DRtZ4Zdb2H
WID",true
".Qqc3BB2y&
","Sgp0Rkn
]@eM%N_JJ[\bj<","/0B;#VId""N}F
FD8qBHXC+Phb3tVBh",true
e(	5,g/lEkNZ!),"brsyR!rzcvo_-m?<I*cDMXc\l1+{,vLbiF_`",true
"b0<au4~O]Y[z{5y9
37V""C6~[HkI_x
W(Jh&X0","Ur7,MT~k*#',@3`E~ (-a_F5O2|~	<Ve,otAnA(.","s+Y$	BA1Ox$wSs1a;t
Xw\ffzADV	yrX{D*c:(ne<l~j
",true
!#x#5ea}n/eEv'5gg]>HZe,"[UC4MMx""t*ajg*UL,_LGg =#7f7","H/i""PioQmtG ;tQq@p\Y{jrAYb{L#]LTC[a@W])/",true
`,g=+}Vkx1h|VQ,XXRJ1.Lnh;yMOsqIH1 o/Pw8&c,true
D!>,",h'5<z*GIyy:
BE`.J?MT","fDO""iEI>g/rL-nc2AIw3!zk3|gr-1^Q;ic>5NM",true
],"aMk
5)0HVTuo-3c}/","T1/8SDdeRDq
#$`jM_n>6t\nV1#OYnA9i",true
*[=}h,(H{oH2::g,wu9/C1S(nhv*b?xo !3*Ks^0,true
jS%Yl>qmdeLsJ~A,"a8P:^+:,xd,,LX%t5#>%I0qEwOVYuOY5z?/gEdF#jc",|X+CrgdN)*e)10tba8QSpKWYLuaY_FR.:(jk5	1!>9V o#eQ,true
sN<]`_Oe~ODS3lE/,-tE_r+f3=0!bEoYNLAr[,gFMVYXkO7y7kJw3rE?f0vsP^Pnh*F9E`pfg+LGK,true
VcQYysiiXo=C,"%hv1eZ?[zNJw,u",ynRD804J$ZWE+Dj?-)AGY$0,true
-]urM	o#df!;foPR<~di6R<,"oU~84i,X*5!R5wp;\[-[j+5mYC0{>p
R!(B_2?O",mkl>rj5af/GghqdF\z.s=8m	NPXf)@kxn!.M)}g]Pj[4Ru,true
$U #I&c;nh ,"
W2rAm77Kv[R;""C%pK[A
sxDT?_N9LS`6#_0=","s';P/%	*pNufI3eb0(s	mf=_IGxA
6*U[R\
z/-a}tj3Fe3",true
"TH{d+W)X+96mi%,[G","6RuqNNl}
;v2PzX#:m&,}8El:","=wqk \]a%z*_e1^7s3%""3su^s	S!{%dcnM9_h^n'@K FP",true
^SfgG,"^xe32idejjdHQz{'TY'*9J*
$0DoF62b?=","UmDz9i(8Vv~UK681s*<*v!#%!,4]/?n/[<=T",true
"@quz'=""
t@LBveuR?W`@NW}uF","%7<	0aR=m=
J7<w;29IvCdN4gCcw","w$w
jl{<s""i<F5B]]BT5Dq?UeDK>En4~@O@^+CT",true
:(\/5H5v<ea)-W,"%$Gn9m!\;cl?=\L'
/6=f}Q\","""FtWCtU*s|~4>g=zTW;IwT^G*0,0vW	4",true
Cxd!.f|2M2g&,t2	E jQy'$vvmV`qLS," b66;8W@( ,L )a8""i&M0p:2",true
 )',"W""vo3no:g,mq?-N\B0.5-""=","
hfzstOM]]0F[cTL~1y^7I+#",true
",v
6sx\",]d0iJ(7:^Y,zbaE-ECZO.\mgwTlB.p|,true
,*<hZNdUZ;T	N#ROX$~}7 'd,"m$rYx]79vhV.9n@;d^?x}|!zJFm
ufw:n'+,!]?[,3_",true
#+qXC?1[,Gp%c3]ag=C.Ayxo4v'#B,BXG%vwuOf:a6pe5#ZJZNpDl,true
W*tT,)+<^;cj+Vvj,"ni/t]KYS!!.91j0Y,q\{GbWuTXvtH""7Xt'WP%i",true
",d-~XKA3 T?F",",3z@+)lHqJ<D\4XuO'Miw5j;+3@9<-f","?J\c@B*Z%`g>Qb&M0g.~
Cbb	X""'\>-z.l2H7>",true
xrHHCdufjX,*IbSH_P17|Vl)jOM(}@,"H(JO9KK+
kXTrkLRmQwi7T+Sp/_&1lcn}L8152(n}",true
!y3>!\bdr@|;O&,:1_w(xqP^5DAzOu(g}36!R/tYxt 1s,"?WiVL'A9k4+p7![Jt&nWPmb |GWh4m'4,E{h>zc47s",true
rX3t~0b'`+7P,)5DD7LA-=ceVN9IzQ*h+8uRaFNXlvtbua|M<T!nRb:,"p3:5W15r+&+U+		W-;Zf
+@>H.9E_X
}	=PpB<TXwVu!",true
&;3OQU~>,"wMs@M*#6`Y=,}Q~/0m.b","
	x'\C=b>T&X.)aSly8y~3RC6:>hOXOaId$",true
Ae+	?tfo,*UYZnbV>4)1lQ ?w[I/AW6pu?&,/(;{GPDll?	vww5.-%]GV\9KfjI|oWq1Iqv%q?rvL&CD$<r;,true
"
g:!W!HO","5yy""`Wo6JFRI<v52","
vzXB	T_4%	\TDU/1S+i(%T^Eox__/zG$W",true
"EPxzFx^'8g7x88~G$v#ps!)6^,p","V(DoN~,sqMY&a1-bgoCXHs)!=%j7",K3x!kzs\oOF))YUb{evh5E[YA5.j)8nta@4_rj]nq~i,true
f/,x<N\y`YLV57,"M4<h$( Qi-""",false
`m'?^,"_=3ACA{Or-#cBg,5#RH/zeQ9qPP 2nP2;","o|vRN1tMXFv^k~|-5QF?SkyEiPZT2cOJ
(h~vm@R-aPY]D9b",true
C49|7+yLo)_4,@_wR(;'gj>b/I5Voao,S*!2Eum\~?T		Hsu6D#H-o^l^	@IM3!CaT[5>f|C,true
~E+tvfO*vSfvD8QzlH7,Su$aA!&(t!fS	}(+v]*:z:VjW*X1},"m9sg@}CBG
hlu,C5%`m{$]In]Zb@l%wX%^v&:5G^}l",true
"c97CH@y]x=0AM!:D#d2""S?^&",".m^eHFDuBDyQ>YcV;Tg""6acKkne(>","8%6/Su#N1Z;l,4Dl(	$x(|DFS3$GhS
V
WfOR/Ey
",true
:m[T	\:t2m#GV5,"_q@fe*txm{?v]LHoe+Q-M@8xaSawL,e@7|e",dfb2^)``RzFhv_cAP9_;; Vn-+@srU>'!|b}sK%H,true
>-<)1Ia,S)j6?PnQd1?{,}D> BJ{!iL@ng\\#US-jWBzp6Xe]jNXmG\}25FY4xXZ],true
"zjQE?>
YNvX;4AWqllO$~.DP$","OhjrieklZt$_/YPF4	=""XgQV&\!,~n","Z/a@v2[>P.-4!`xzC=^:b=5fv*Y= H,G!S*@/7x#4S?mbX!Ie",true
?F V^]!3=o,aB7O4LV|]_4,"* 5xi(m`P
1XH:09	u;O",true
Z-Hn:!n(	Ly:,slYqS-p;}`P2t%,"~U@t1cec""ZB>;lJLM#TDk",true
Vc.z%rWrJ,O&j<agz_ nHGT2I/Y=',"
=@10/Zgn\
AcQ)>N=
NvP%M\4gHF;}rbN[%A?",true
",Hq<wcrkl=zB{TLnKQE.)j[(AKLvB`,m)v","[wEg@TewNRc.|4T#;W8n!do6vftG' #yb	/;s
',~@YE","gqTjh:lB^IZ]b?6o%U1}z\S~>8gCy2$mb#,N	&!XWY""
S+W7A",true
N_/de`670J)^OlC{^-35<9S(ZwK,"Yj
Y^y-,m'm/{>Iuebd5+z1<u|lUd~fvFBVkjaA3`","}+H8vE[S [X06V3{:Ny	u9;[) GUVYBn5a]<i	NTl#
:",true
"	Ema#_Ul&7Y<lVv,'(&(}@^&g@NN<G","|Z1tz1DfsEqtK\!JDm.-2o+q,3Ol@`^74=`P{8^zZE5vM <","3ZGj*m3bQ>>XlQDNxD[q_DT@o1YG/~|(h,Q*{l+6`tdHgndp=",true
q-r'h{{n-3D?|=iAjg,"CS,JL=^.}5h]/9Co\nC7H","j""8@<{=[l_b%;Lf^{9}:1+\N",true
_L@.vPm&]lZ,"j^h&9doAh
0@|NVX!<K.U","8)iFnJ}\f=-.I$YPc?AlL,+b;izgg^#^",true
h{zg_X6G<mc,X(C^.8V|0	tz,"HFD`3|,\mC:CSq` KoVbT=6A",true
sw~?,t:2X/4wjPnTyN~p,qJmeUL)\?li7??HI%[\FSqn:,true
"Q%N{/)2 J8@#""yz	%xe","@h]QR""?NWe}!0IW]eG{Q:H","YV^a8I+(^Y
ACYrMRSK#LxIL$}#G@_JoL/TSnb&O;)",true
," ,bj
Lk>#w+m}x@ t-:+xBL!O","tih;KJg-FcARr-DKE""C
^3s'E{*h 5c]!&p'",true
fb>\pOs\*[Vl	4m8How?QY@DnK1x,yyzKNS8g.73%@/r$82seU)/xd%QS,"4MR@e+*|4^T:~X78x/Bt.L ""9Mw)&C3xKNjl)AI@v4!]* 0",false
gJQo;,"	\
!<&{Q1t","eRkt%N:jr#<]xf[!@WPjzA=]e%:_A?,fS`uLJ""VozDu27w?1",true
xD@!<>:K|33A,"!	6
ro]]5 xILa'[@U""U9=p","Jx pxJ2J5)
I8Sozkv'ph	*=;wlO4}bIr!IQ0mj9",true
c9.d9IdyXB,"M()B'@;zX'K]zcEIQm2YqWkmi6~qe7W!^sXhIF|ji?
.N`@",Of@;uA:PaL<j3~rK)CAuhdn<n$eK-11OyW}qk*pk%:BikM^Y,true
"fHUevb\S)&sg>D,	VQ","LjgG}bqCh1%lNkvZPpvF&dC~Ua,^""B","IAr8K-	FxwHf((""+2?0F_G-7!a|qLI`=n Kfk%BU5ih",true
[iW9<#,}$K_H_Fy,"KC~;<'s[#&
8SGjsEy(6",true
"dQEjMMU/nF9Dud~ 
/s]af yf!",1:^0GxCP-Jf*1\uh1c/b9qk~1!N	cBqw.V<xg4," gzs'H/30,q0=0r""9\Hk	8aNqGGV	mB== ZE>!suOPL",true
")[||(,pCuXk9Z@SySbWnl1E+Idt\}z8n~*eH","&`[A8,kT/MnM*0(2|+6!0HCCL&:W.!YSZ3xg>c",hT+	D*W`4gv <O-gCY_'>?|1\cviHV.1!!Yq`o;`Ofx6%6'hD,true
"h`g%u""Tth36+c",E\i[r%&@lND+u-IA'.Y$G'qtHy/,"JU:.;_r*f5a(Gz[1nOr1^Qhm
LT9k*MO%O?,&k-GMk76bumm6",true
Or7rXL)Pu#~,%C^kj>B^I1b)[0Jwcr8s#9+zSX,v2zfFs]S:-!O7|u7oiqUW*< yK;>n~()=@+[?-A,true
J>SqR`6,KjtTsj_6qzl	ChhWZ]%Q1	L,"*?nq[f03*O&xI9@%LPIM(f:RA*g_&Ub
{J$3<c",true
XM5cj!3T^5,"p>}2iUg
}af=L 
i6
","vsWEaj_,-vA5Cg;1qNhK5",true
,[?ar[Rc1ND-,=FqpslEng@sxaW@8W9Wci+$J$s&X% 6Zgr[Y-,true
He0h$;-;+,"$bo4J7,6	9K{='kzYBDkZMoT""*O",Uf;__Ijj#i.)b2I#n3jsTrG2c!X1Z9,true
(g	~Za>a:Vo1!,":{""*oapE%?
!/;;}q]XIp-R#C","i,Ob00JjshEahJ)_+R (NT]Z'Cj!PgT4
:q\E~T1`",true
qvE8-=f,"8j0I,K	UYh3D~Jj8^p}}B/d&E?A","b5B""JxK!iW^Vgd*|'Ya&PRKNK6zw[d-<t3\Q`",true
rD3K:=fP,mG|l*:NzyXe zN0O8GpfCn>GohSqhip,"~Ee{;#C3Jg
#:""d6+dQ*\$nqS#IZ$^q",false
"\Fw^?x/^\""};Y$mVhusluvIu""A%~","%<,(EHf',[I'`'\R} y5.6NEQJR""ic""cFym&/BxvR",n&{%m+b9ucc&?_J^XWSrE#yG!-=0AnF3aypfIs[/(>5Qwq',true
ns9}JM<Y-G	G8p'A)-V{,pLr0NMe+ef:8fUCj#%S;y-BkPejI`=}6,"*7TiTk Dy}]1
ZrFmB<fdR,&2(:WwP,Of0",true
c,E2^yQ f|[#J-rqsHBDc9e1qU:g1-{:Nl]D,"SzYpP.g `]quY A{""LvcEFo;H(xFao8b/86/eP/WxLAv@V;",true
,65~9`$9tq(8,"M6e6pkNJ:3]>/wuQa)Uvz{NoU5FS8a~_wHghqxe""\Gu@A",true
"ZA&<fitL"" o.","89]?EBEn?,rxwsG}h/4,>E5fMA",/hY[C1^g^^]R[(^EXddq/NteNdJ .+,true
D*@Aa+ ;D)m6IULA,";<45#W~kHK,b-wiWQd
jifKa[i","92|`F
tQ,>U44+h6QvX{zT0(
J%o7tFcv,;T",true
x dd=|E,5!V{v;a8MeIL<%1r%I\$A=7 Z,Zn	#6.vi!nhFY6h|5C+ts{*/7+zBT;c,true
.0?H)Whsm,"EuKMn/s9c
H"">!J ~.JamK|B!OdB4","GG)#/=X
A1&]1QffKI!}zKrRNW}%:E7D,P",true
i,"&N1A#d(	X,PyE4[/Y""_E>>~L2?<%*K? FaY5FO#o",".{KqI?$`KeB+
0<@T3K\sN#vE@jQZ8e%z	XeCJ$OJcuL ",true
"B""iWb",{$qQtbgMU$c&7FI,3H>c7$L[=N?VtnZN4Ws!@I=al7,true
,G#(xj-:$b$lb	g,".Q<*x%oTe_u~),""_Zhv<%);_#IiiX@gGNBYj%-xC[b.@, dy",true
\x,~InceEg,muzVOemF,true
"H!Xn[VP<'NH 6""""=I",9%)\B!)X:R^}xmt{gB)UJ'PkPrQm>vYFhr~O,"iHRx4cRgPx+|L::Q2satL;v~gOTntg`
[iv]&EVPYL-:30mA",true
U6?@|B(N$l3tn[_#*w?Id>cqH!Zf)9TqTsPk7JaG<b,(D'p}G[W.r<2nop><rUv~p_z_FdA$+d'w`nLOVZD'!2,"?P4dbj>gWl1lc#_z'#VkQn47p6O?]PpJf,%Q3-~Pqm?5k",true
"<j#Di8	0,
PA]A<L4IlL6niUm6r",/#b}8PoS.s\BJ\:L{<))gef{.0alY~OZIa8a&6,"hw7m%_nesZ%
XsiZSa$_*-XAa+P?T5cmU!VdYgL7yu4]<u",true
-mQ,2_K,"5sH
_h~qhOlIN",false
1+h%wEw,\iT(igjHM V>Kpq0p%K6XCsu!Vx;eI;58efNBng{I,"=m2@	D!<}f$$:&x|~vDyHsi'=v\}"".LI~:	UMu)*hbeV6B",true
bo*~*15',"53Z|7B^^?2h~[L3Votcc
M:Cu<;:K,c`Q""78","bkH-4=]""GX2Zc7-#SE/FAS[tp)%q;aa'
y^mfeCH#Q'
>",true
8,<1,"G>bh8if
bvUJ

2B<u=N|UG )=+jT",true
"0aodB#=M+.,}wf0","j,Ii	C[VY>jBfZ%<mY}|MOB,",2m'i|J/z@cLA'i-'6B~b`V]~']b'yD,true
tj'C,bdV;<nW*sw&O,"
^;RP0psS _q!6)%]Lm@R~""A8",true
,],LAHnlVLt{>fW<XX$u,true
/fcw.(GxD2e}',9-%/nJ71QiSf%`/7!#SgrvX/s{Ut(_f840,c5x'o^O}c4-zWcq'-RN#ydCOB26G^=6a9?s.,true
 #DDN.xZf@'\D~BAvhAT/{J/].S+&X&0kS,"{?|z+0FZ~f]'s\`H=v E+{mY,hur;VV jkI","-6F>`	Z/YL"""",WC&Y>r\
fSMDs75%e_;;NR5-iNQ#d` 7u",true
"1aS!n\mgg,_V7EKI?IY&C*4}els","FR=laAg&J""7@.21Rzd09BQQvci1","Zw(
%)CoaS9Q""xecuJ-RG6Fsq5lnPX5Znim`J<cojyX",false
M,?vA.J[#Q'l9fQ7e^?3%,"w[~$\a[)4	fg9cn~qU|6~o""WN'",true
,(%EsdCrK(,GS=z3X90e&LMC	H/=NTF B6fwV0 GqV,true
~,"=wPoafKMk9V,7Bql%{""^~]`0cOmDTvik/5Ar20>(=","VnHey0LH e[Qb~$M3*X""Nx]k\RV\DxnrWtU$D^8p1`M""r",true
"d2+kO{@#Q""""~","IYo,>Vt+\&&85n|}{O{:Ar~|4t7",hxm	9xDvsTh	ICBTBzy[FLalGoShso_l	Gl@c2/\&(XaAzxj,true
8v,|k:BMkxjk,"YO'^Z3m|v[k{,{|)
a[3upc",true
"e=jhA4p'B""H*^ol{q","TX?~H]8;	 ?K(zs,syfpXu<NI9+0Xp|S","UrFmLYbw6IXWq7'&.\!R;R[zpB0PRo
v8W^",true
}{q//q*==ug,}6En+b\pG 7L]!=r{6(2(!hX>wwd+=,"K2_/Ko6RcBczl?t^t
1/z!_CJ~>[9}t8awRP""b_Q8w@+",true
"=:BLe0@B""fDK:'X|m(/r","o,d9PA,HQa3!$vM3_*bp<1
HO3",i5Pn5dh@Ua*76vp9`-C|:w^&S1,false
o`:U,"""p%EL`q
>} (7loBKQ^ZBB","	q-Z9'U!1""^/L'&8R?=5uUGvSrs# r1!i<a~XBu",true
9')Gg)&x,"%x~*E	x@{@D""/|o8p:",Xti.u}-N:Aa-\#7zh;BW:CPV^EEU^:Fg7;y~,true
"
$<umh;Iqu:$a&hh_>DaWseXBc",88~8|k`m:<}`C[:sk;r'Nv3=MOQP,SA!>/QN4~p4z	aBl?\we'me4'`UYm u1,true
"M.H13))\.l-""ph?Rjzcuk$O(bF&*smq7H",\P5nl0?o8/@r<Ij?AHHY|N5/-135<8n[[IH,*/R/m;Nqlp>|-	[(n2!7f>o;OR2+8Dw{?j_~D),true
"ij$QNZ)LWmr	W{x5t>""	lY","#t+
|.!	-0hW\3DL?XCS2JjpH[a>4#QsO","}?`
_i4w2%k#WWEMWv9D5dv^bD@.b!<G>i!+in A|Q:u",true
iw~hy{*6HY,"4}ST=yg^,4L",mcm]&Usk1xn]s&p\is8	4\pm!;hDLrBROD6&,true
qw5wladC~X g\~L{;n\aVCu#O,"131bVoVIb=W^+UH qU!;R~|I] o""HUi=","~:Z>p,Q\	h ztN,M5:L.HMHF,9bJOe1v+8J@@	S0:",true
,Y=]Y|mg<eP	Tf;,dj6	G[e&^]X> )0H8xBP\x]x0*|#|bi@h,true
0c~AP`&oKRxU(5I^}<d?,{6dFV|-I6P:	@Pm-Rg!	Y4&/j,Vx}=NehHL)a~3%da'*<>0I*O1+QOyY{###c!eLYeK__2(	,true
""")('",H&h[	,"L,AW8yT uT;rK+aq/4QJ-PaNBWA,7LefY:8BeRynb^G",true
y7pqxN=9,u_aUi?la><y.:G;=|,"'O`@{8;4Z#X[[W;x""Z",true
J:.|e/{9-w]a~}Hes6,]#{3-h%59@(o'	eR;f6Z|,p/#w2)		x5XzZS665Ejvxi~n,true
"""wM/""u2",GOFIr6nbT	~,(%5%XcmA)P-ZabWMuwU4dyG`7lM>irF5>?-t~r?qIem!,true
FRE1Zc@6v,"O	&_JiVi~'=''H_06
|+2","Vl[l\FdPJ*5V13HbXq'Rg]IDDuZx0GHv 	%K;},gEa",true
?_t{-Kd{!jsy&5SZUwA,"K*<yF~BH	IO]\_CJg|\3_ 
k!`","Qq5F
3B2ui&O_7&DvYVy1-H4^1Z/dQd""+",true
DKf7BQP}'y,"uQ&m#-""/I#<?W","A+_oQ
$Cj-:1qN0m",true
"U""`D'.x
!=O""!aObl",_Le!;)Xv+D-JFmdcOo{B6I]4Yue*itti8T,s^4jK:DcJ`[0>kGH}hNKm\t#yd>;2B2?n\N5$p?,true
"^vN
""NdZ-v2S|MSHvPpPC$FI",Y(M-CUG^	`.d5B\.6&Lw#7SZSO,?vrFc\Q	>$wtb]S\Z!9 n/6^hFoatG G,true
.	RHUFZe[+M,"	7le?E,HK%~0","<$+[nu_2I*^4*%WUJe'!0z.i3*nkm)vC@Wk	]EbJ:O
X",true
vGXE~'$f'Pi~Kk*K|urqU,KoHUm5<oD*SpM	([c[7~Y)yq7KY,wn?Op1aP&EW6%n2]+$hU=iBm^<7\dScA5Y=Vxk*cwR=@(+lF,true
Ay]$g!XR,vwRku>C?/AS{N 	,"|=?aQ -~rgQuJ;kRNb,{se)iY
Rj",true
")*""sI=",('T#ysvH5f'%V,Q*a[b *7VW>N`x4mKa!'EG6Y4#M9IK>SH,true
"[DJ5{Y9m7tUWc,G#viMhzfyDl?v7=Z\4Flw66Q@O","*X/l^Y)X#'NZPWHa9w;~	^J2|EZEu9O[p
9p7Kz""jl","%n77W0`
E!VIZi6FSC]g?szD_{6VA6#g8+s0oJp<`u	F",true
|C%`l,j[T!.pABpw	eN2mu*x6F={X[U /I}lz&;9x]#Hf.,"6-=n-|~jCYbb:)vzV.PwO\,i&H5QI8:3XF;%>, dKt""rd~.",true
0x.,n9J/V&kn{w;0SxqLL6<\oqyC/Ci(jex_1Hr(YgQz,"HO&]KiqP5lq/6
386O <g4|a?V?C%-ER
{""
6WRCrVCZu",true
,"""\uhRLS{UWb+sLMpZg	gS$t1znV|!wujMX","qv<H`-O6Jkg`-fhi/oz#NHn s[-`s5Kq(u#z,MD ",true
MN,"""fqzH#Y2JZni",'tZ_hQc@Xd;A7[Baqr`>sC-[Gku	cQe(S^/cVb,true
S,7:=j$(,"r[RDq2Sy'
V$f",true
+4Q!Gn_(K(Omk?)6{T6yYvH,{7^i!mjB4wN6~NE}jWDaPLX)]n6:{,"ST]:8i\,s]fw/	lt;jO@iOjPpm CBgUz",true
HL,9y}~-1>Qlep4-Y,"4dprS:XF~
^QD:S,%U&Y:KDUAi<LhzCosjNl*Fsq>cDkx?",true
q,mz7`)F]g,"n
ZMK (Ze_",true
"$(68""~nxeuiNy%idsXAy^@","l^Y?*){&@lGyE)92MM,hA",.=IJ(%<fd9@}g$o7`dE^D*?z,false
XT0~eS~_n`NOr`T^(3ID6V(u(HOd+!aNyO'{97.!g;!%G`0SS,'!B@UN8; zf6-DSWWm,;bKN{,false
"'h mJE@FUmHT,>R>U2'Y0",wgqu_C?C{$Iv7T&@{{CyiGK?U*Qq?si};iFGS)AK&vkH;c:f?,AGo?xC),false
"=,r""5",u~F9&wmenS-ukHdm>XR,".t}*;qp3*,9Q&jmm""t,@.>F!f3q$EAp@#E<0jp""wiI1|+Q",true
7;I:'}>Ijhn#wVcTyh3?4z&BbF_`PKA5n+UI=$^W5w_?9O{',^+'\BdJ \R]," m;%U9)ZX)#8q
""aXO#utS@q;niMlvM",false
"Ob|ahiA~vS~e,NQZ7=7)k",!;\DWWg5r[r'G'aGXn7z:UYd 3'>.,"lXEg>#\Tru~FO65Y`3Ag;Y*U3v-D?dhQ>+z%J':afYE8LPQ""",true
"`m<Yo""&YC","""te8A/vFSv",RV[	y=gI,false
"OHn9!jXtW/xb<B]""0!Xb}O<,""du+OC1i~j>;w%yjYI`rYxD0","e:@qv<PBEGo`3KZP?J1X&E<:bm""CY0!`2dYbJAm9",,false
"0p!,N?>`7I0.MzU?d[Nymx	=EZ;gL","uY5-:e.kB<h*TkseoBVmt==nI|!KXJr$rx?S""I",Im|y19],false
)wJ~q>K-}~6Hb;o2k)#e9SzSYp%',)0RM,$?Vy\qvURtVFWF}P_,false
iBystC\F	/,vC+4H+fK4}RGBH%qwMOhzR!,R5 yIO:w]|=Z6],false
"E/rmam465|
bKJq<luN",VEd0},"Dk~,k",false
"Q	
$H-QQ98K&H6xd609^#","XTm&qd1
Uxqn5bkE+i]Nej+&
","/+|n }^g
j",false
!8sf^^lVTCk$,"u%>xIS~}sz[fRZ
&im/c|","cW2pY0z_yh-PimEJ.<!3H2,E T'0OE'TQ?H,l\|D",true
"7y,;#jRMg(vK	_2ZY4^,)W|p`$n\};
-pq),ShCQv.3O4<P",kY}-+oQ&5jIV7[r&tv^,"RF)\n#C-<55XYQ0,6",false
=,"cfmKYgUA5P/M%PP<X-
x;]uc39?1HC%lb","x.BNw4)`{,}%P2'HB	lX5br^+7@l8ErW>!E\Z""6:\M",true
"@^[|Sd'""<7~JzZgWHH8P""=g",fGyT$t)&/Oh_~1E,QM*4,false
"$8?wBg$g72Z{6J{=eXZ=g:54%o$$U,",=xu%v5:Ay&]cPkz~T9?DgOdXx>z^+W8p]?n1#weR(Vn!,"@K%Cx|5K.w'w&S&,/vNCl@w[/e<*ir\C",false
"Xk,#Ls#'uq!VW%L.0	von$#&Zs_QaEsDMV4.jJ'""M|q","
&y5}Q%x;kg*Pw","xzz3Q2\Nve^YMZ0Dc&CMB>c:t/}""Yj",false
zc^Fsz8\ul^%dWLSF:0>,"o!qF&&,eP
G2%56|4(","B-ju@|;#UX.1i2h""v!6;xnfkx8cNo=Ksx-=-gI",false
">vk@[($6,k0""me'LoNA&(uP^`1BX","Jn+$|,<-EM+L5xz&Dqt0GXy#n6mZ0Ks,c5[vb?","_V/A%s:Ky~[.&xR#;=m9W&X<2"" b""	Kr8xE5!M(J1",true
0Q`n2?>u,"	U?l3d5 8(""o$","p[1v&05QW}~qS,+=PQN+(?_NfIaE.EV3PNDd}:b^&/C}$-LW",true
<,TU=	4@,1w>'WIMy]?WVb#_.:@~;]Y1k9Z@cuf$AR3(N[S\wyQ6>hS,true
"gQ]yUs=Fz$$vOD{$_
H'T9t=b<""LqU_ Jwn!t,_",",hPf):|R4=6fl0Ftb:iIYX/
,8F",?kn?R-uOhym&V@ZT@AiCKCg__7LvD}|',false
"P* ,yF6Iu0t/UB,Fo&
Dm%{$r#[9h@?","O> |D
{ B~?-/=:Z#0f",YwK	,false
F:6/+&Uc_vQ\,XFQ7'qjw($D[_xk+}j[*R4o_Vh(8/*L1<|6:\`&,"'<y-0R\Ajp6ra??iZ"".mHK`I0|k@tP1)D=aPU""",false
XE&-~VO_V7-oH6e_Z|,UF^=YazkTMD,"2A$o?1k1?UN=c9Z;%""mK""e0v`jL",false
b4H@4y,HZ1~5W CysT%TnN%}2@,"K_0}bEoSiQ9,r
@VS\3u
N~zo",true
M/>,"|UBJB64&t1.!v@t:f1-ds]""}",OZA6LtQ>j,false
"
7 -qrx$$um:.i.(w]",woN(0`,"&2ele
^%TBPs""x6Im>Nf&gsai=SwL`FR{Wf-#",false
"E4x9+;j(`pG
>[m53G)KgT57^dl\9tx-O.x2|gl6Z","ZwPvHTGU4}d;]-""*e'yS6p+W,L N[%h-""~jGc,~uyPwaeZq",?|!]gVg#Zs$zCOn)M972{}4v3Kd{`t&0P B(,false
"S,R{S&$*7{Eh04/ngn @bI$HH+|mV*)<RIc)g9\QfisV}
#<=","Ycmx2^'@-""Nt`^3q5nCzm!l\}q7~bO]2/ZJ02bmp5?DOhz","XBtDA%s^0)Xi5Xno6j.r1*AO0MV,/}!G		y:B(hP""j",false
"NEv=]3X/q;m#U'?l!~;jLHW.?2-G3tYp	a4p,)`+
cK","TZB=[R9ZkJ4.**
:Z
xAXs79=?t-E_@S.u1<jq4GGm;`hU*Q","'$Y5jYRa\!`=t.u;W6\4ib""h|U}Z	b$1gB*v^G$Uk,vP",false
H?-hiih 5(j'qNO2l&," VRwBF(`""='E-6Q.+IFl^YBn+/FFg@",^c,false
DO`SKt\f-p]5Olkt4zq+rMWjbVl01_L2)Fo,"{8G*),g9CX7%DbSN!vH{^nfo6*y<x*.%$x1",y@NP1+b1+	_7Xpi+0_Y(913Jx?3W!,false
D#Ij:?nm+B%]#J+,"Je<O6-ZwuX%voEaae/=+jzL\O""h~{@5,<w/"":q",:G+rSU*O zf=rTNOF{Q(a,false
	Be{O ,"(	]!2s9~]H;l{r!Im1,[/P`fOe.EgISnL$.JlvEJl8",6epU24	nN)#rkBv^3o! ]{*@iOb%;3HOC}5[|9Y64hYxf,true
cDp.G='kIP`f!!)ax+{2,"|m|413H5oe-d1Kk[ny[&`$k]t!QC1}nt9243Vj@4,","X0;&$]JL%7!g_?!'""Vv,_tXT
&'!B:1eO",false
wQz/D6CmNc|6]q)k~*DY!7VPpnIa#7W#d6+Gs'Fh_-{~*,"bP gcN2I>?<'N!J;.MX&3v1
T_)W4aajB]j","|i
~c&+O
iU>Fg3KS6
`a`NB6bX1iele2%n9	F""Vddqv0
?%x",false
"	:Qo<i0mvW-?
;uNJL};,RJT_xKd#""yVe-Dxjk<4_rvUgr",nw2UZnLqGu.:u?GM,"9S!V(W[.Hb
Ri@@ij*x+y<e$0|M: T	Nc.?lneGWs|,-",false
"AAj5pe
4I",.e/tKGyB: 2*tGicB%E`I0Dc][pT`ON@/vt,"${E|q8?s$x9zQ+*=QBckE@`+5raO
I>dNbClykqm ",true
"0|c{wzf""]];HgleR( sj5!0mvesx-}&V;Ue2Yl8)>&}","Xc,`mCH""]uqK@>dvQ`7!?o1H^zG4at","1koz@t""W!t",false
"kI,\^3DHUj>;	z3~DYAsp%[ ",}_;Wd 1pW?wX$Lq@s%e|s_8*jG4C-]0,,false
y%![,SMG'(Pb*u(45EI.nZY_$wewle1,"V<R[&m9E Nm[m
<uFltbQK\rq~7Q&e&1N@.)$&3.jz	GxfMXm",true
W^-ZsUL+d<2:3H*7J,R< >6&iw]Xp1zNWm(aQ1'EHA,"K+Iop,FH+a_,>",false
"&
t{h",D!S9P_,T=w$NWc<IO x!: ,true
"aW
dBw1[>mrvn8	GuaCJRMnsIXV=~	{%EL6b+QV","WT.#wp,9x[$m@Iz+>T7a#k`lLC4a)z0`_X","`(}3k3j,+J,I&uBkvz",false
,"^`Z	,r=I~",x$vD6V6P1kfu,true
"t='0P;{VL^T<g-d,e`_6odQv(r(&_pz}us	 eM","oKED^4n#o{pT4
	`R>#BCeU8C#]P",?1f-8.8^w,false
"s46*$hMdbN
:[Oky7TUli8Y4.>@CFQ_qh""n.W&",VEsbr%;	8xuDry,"mVE- YeUd<F=,S@	w%(A6B(7*4h""H:G;(M",false
"fB7wI$K+C
G.ao-/I8hdd;dv=nIlH& Oz",k)oZ-CJv),aeCSW#[zSKR	feLj-$lPb*DO,false
"k(T~{<Mg8~vR	t#FK&wTI/vKB'%EN]_-M
JyRpe1Dff",%}~	AlyA e:/[muQjxCN[Q\H]4RdJM0&>fn3IO&'b2o4'GQJ,3_Opvw}GvR V\%l_X{%p]xM5NbU: ,false
~}@*,+Z}O(&,ifs9:1WwfDGmZ9bxn 7ZqVU$BE>*z`,true
lY2%K	NPjds{!O;cho,4[vwou|]FMJ,"XwDB
D+Q-""uKyul?+!!;*
r9GK3s{j'b+&?+[Trce)7",false
"w9oY&5osJ4YOG2vL9m_!O3C*\k(S`&,u289_A&1T0+R!1O{>%",F-+,j)P2e;Uw a@}l{NZG:_<)|N$},false
]>O91j&_=C[Zx[@]eSI0Ry,""".7Cgn#M
iCaW~KfR7:\OA`HYk",,false
_7JO{Y,	-.Q~,%ZMIsU]y9gpZ8uH]f&,false
"Xq{odBw-B.^GP6Rh'su>#VzV2M}h:i~""","-E%m7lUu,'<B+C!>X=%i;q_=
TSoTLiL-io::YC/3*b+Eb","mZ*,!",false
"@g*lI1 W]%f&7U	cR:
M4/P#9","Q""qc:?\uLKL	D9	'pzukf8Zpf',;[Gz.B1yEdqw",BXTWW/OCkIYrO6Dfr!WCzSouEy6vx`F[{_>t+(,false
h%GRd -$*Ba<)-IfO?cK[kIGU,e:Ne`!#!B2d?,EGTX|,false
"Hwav`go!@VQeh%q/fAWP@(f^mx`#~xL)uB5``^x/UyW
","3}zTw+  o f7|,t""b M!O""","f108Z!_QgsD)ivKgZ,b{``N|NA\J-Z"" 1Ig<#]2IC&4o",false
UD (t5etH#\ZDxqLf\J9,X%$R5{kLg!Y$o\dET!kyh.m0A`,,false
4E@@`~@ExdcYM!T,"C%:EZK)leZf}5K1;WM.LP;'C	XlkW|,e	k\D1;B;m)jP_r",+d,false
"\)R_v)4Dw(u
c",WF%AQ]8z# X7bXj-5n1E	5$qkQH~$oA|, `Vr@'f~S6>G&^ND3KK>$vcig=T\Bn`,false
"}Aq{]g,yrPuI~='G%3;05iMj98o (`M!;>+~/4Y{h",$V7	,"^Krh$5
>@ C-@tY=rA{'Up}q&iMqEo",false
B@^U#,S?WRd+hYvxPf{.ud|ey6bd|y8A	@x,4*&w,false
;:7GOs\N=,/H`|z|fo|;-*~,C[V7ibBnB)tsgF,true
"wZZ@<Ec{""nOn`an/Ty 2","+(O
,,`,o69g!FuY~Sp0j-+9hw~*EcWy7",JJYoKgV;,false
"P=7PN,
00g<WrG=wu?k3V",-fn324;C,"gH=^[tY/^ul}t43%!FS3tY`=C1_.~_!@%iV
{w#zW>~2SS",false
/IAY|2e39D]D,Wky55^tarvaXJw-r,hzjw9PF[k Yy-AaNEeC.rbhP~,true
`kvLt,"y|lBLZOuE#JjO(cGH>1L"",Phk3 t""0Y?I[?TPifqw1>","""SL :<mW6$[Imk3u`1bUt6E,",false
"P}FNT!BY7d^l	&)X&bR%w3x-'7%9?),l","0"";;lM_0A>qKo<MN;8J4
XP7\`GH""G?_,""uOPJa	[>j5c","[`|++F2""$4/MhB",false
K	J1f^]xo,"=O
WGJO+/J;yidxSgb$ zV,wj[9G6c3S~wvb@_nSk'_>hp","4g=<,",false
o]ge#4DVQ~Q	f.[9wpU]f4}#x%!>r.{RBW~6-,hAm&SHBN=;|7a-HA9~!Mb_Y,"cj8tc`B(R1OW[mb{'G""M2B8Zx3Lh#",false
*	T4vbLr8F	Mq 3E]cWWQ$x|K<VZW,Pe:JCoSP/\8RSt9e,"<RPs6'B:ms)%
I	*;M,M	",false
xg2WIY'KUPv,"=}lQHiu O^,CZO""sdFHFA&:'<&}9R>U$&Yx?vm",8[EZ{Y2K~	g*io@c)UW4at~%T+v0lb6a.Q@}:VKT:{uU7K,true
2Z}!,"X14?pOeK?t^0a5pZhq]Gd7Tb
U'
-Inbi#EAtT^7","glMk5;OY?
N",false
Bw3l21f/Z~Py6stsop,")iOZ_d^h$
1kk%gN}r+",c?XGS(,false
C9P:8q6%CFR.mHfW,";bVE@5s5#Av`5DUSn/Nof&v
fdCP#[]>Em:%I,S>D\",VwEv>}Ci2d%(n'<l^w/(:^'1k._gRG	=3XfSfxd(!@>|i&,true
s8GP,")h%zsCOQ(byVD
XK<",ry=ReSpeRg0i	}8%Zh?Je={|%;Nw,true
I@\nf4o{d2Ax|,Y[,.15[4z,false
"fmDPeRQb[AHU{`}YQ ,{e8tF^n*""#""^*[`2y8mh","ZeOGn0=af+
 k>{yA@(v363~3nBe)=}cm=4;ve0 +Lg*",t`7,false
"EO>	$,Ponmv!:kXV	gmnu1-6","?3jb73V~[,?/DKZ{#3T`@
\i65\VFDYi@(GN/oi6","rc8Q*3K-l:.w""A#}
XYL",false
cGuz,vVC4j!uTh]/S5:YGd[>pC.S^O,%S]ej9^>cMlO.]]uT<^ER8GXZ;8TI/9@l,true
T0K*,"RajaaR
/p%h:""ayKrNprf\`vnecQucEni;(JF/WR
","
7`)qcq^`,+Rg[fq+Se|NfH%y2bZ#>-cn<Zpc6: ",false
i}D)onZ\Sv|2Yi2![\}Da@F j15%zk%2<Zz ,"p~e&)NFDI_X}EO35FU@Semasp4t
pb~R{yc3IA","2<f,4.Aes!Xy
!SbY[Zb4HE
\LY{Q""*'W1M(	-!n:",true
+WXAP%CNLMzmjoFN$(;C{,Al7#@l8\Q7X`){ak<V^o*E#W%L1F%_P)t8w^yqkzW68I,"pL2Pj}+""(dNW\6Y-|{=)a"".fk
Tf)y|{q)eKP'KD_:$Pi[h.%",true
{[%*,[w4`8Z`9~$<.CR	]u,_h#?PIdk7n*;sVsQ_o9-m?x<ozQq.,true
zg$f)rhG>W8,u K6(1n**qJ:oKjBdb [,"2QK~tJP&Su7eBfp EB,*""KCN3zEvx5,",true
"Wc
LhN}?s}68D:+$Exa{+ f3?=Ly(wQB{D*<",}qL]&27R=+ai`=Y8,"b(i;5;oLBk@]=(1?G5yOmDubk6H7
2>!V?1&6LUPAbdXEs",false
"P5Y,/dfz{< C",l,G5K[MG,false
xjQ?>l+biT%{u2GhSq9GX#\twgo_>Xmv!]en6F1!%L'U4SK59,Wo6Lod\rEEHaNG-	-ft1~A\Fbwkv$BIc4,"41^]FbkK""80<<ohY,Zsae_TUh""oZ$1bv)J""",false
>,V B^yBh#~m,ne Xpm1gl'S#x(U^$	(<{jNEW,true
"/D4y0dN<M^N<L?K&*ccRQ2:r,[MX{O,'drgKUD]vi<4",snqa,x*8mE@GE%2+(*Bhh;&,false
"/@
U6s i< d'& ziCQ@b^vi",j5BEDw*{,"5Yt[Ev [_!hSu""|mU DiH{I<EED~zS%H!5m]2.;""jHbTW",false
a9h<Du*X@FO=-AX?x2;dX]ECIc%XmTGzK:EukB|w,"D %+nG"";B#[/lp2Mmn-/fPJO	N[`",_9{ZEf?f'AQ49vz;QTV\@1MP[Wh.;',false
"A,W`2[EI&xQYp	t
+2-IbOO5llA{'3B)#lU4~9",":3en@[,^O-","\?u8|EA[DCZzYcis>ej5;Jd""(9]0y&Qw.4
>oED`:U{&",false
jaM0s1%)>hQGb9>1Ay+D#W^+C`;6L<bg7M},jwM2-I@<|p+-w[Zv9_6}`-}%2*b;XEsV>,mxa'U$@GpTE2&a`4#1=;KHuF dXr~%!%*fj6`%84j=7,false
8A]xx9;tm@fTr_{EJMFY'XoEPV,GS}MKQK2V=/b,sN]x2aPg:C9c{^\?+uGY?p,false
"0:r_""$ehb8}Y>}3%n4=Hcca gvZi&ocm&%r7nzK.2UE?xTKK~","Gwt>krhq
e`$e)<9KtO<","*q''f:MI}w('2[rf\/M[`K:&@lHU'3EIaTO#U<\,7M#D$H",false
"e75T@m:L,dRiFM\[Mjv&C02X1plrOlx^DlHEh0Ug","U ,",o':w([$Vb@Z(c,false
"@	n!9I=oNt_YR@3,rQF?8aRU""s?^F1~u",,UF`m='0ScexWMR9np-lm	>/&|`$H>vX\NA>2Kid0 E)Y,false
aIWQcvqNqvx5q~/n(I]7=rVzv#':!Dzo5o$cZ5Xyf,3{BVP7 NkMjx=CLe^~4qNKw,EG*.QRy!7j,false
"F%xU
e>`",eA;IHe><p@L2$N-a52\vHxHJ,"	4KVq6QZSA>z*""^FzV~63re0 8o:%*86x)wqcNm<)`!",true
"+cce:.lv$R|bS~0)|v-LAwUurs;V?N""$acRX5
(X`2'-+","}3YI>u}$H\4i,%8>9P%ls`)AT<d,:9",Fmh/k{pGop},false
7,O+M0MK7)?S\l-i@FSTK6Cx2 ?5!MX5	m#8 g=J5]nXG:,"SkkY)E
VT""U}|I`&.D-WEg#<9%*",false
"JzI]
3y 5:ysm]q(d R-(V","\""oB^Aa**/@Dq@S>Mz&a}bL: B","""d@xLHxbX{/sycnPQq]!nG>yzc;oI,'6\5QsdD(sB9s",true
"9G)+\1wCwK*Ph'~Qa0~C-0CjT,I([D8q
P&G>b9FR>`7","#scA?SuD}\hM-\frl=s""8qL2TiPs?J<{
MQl'jpsYsf""UU3p","v{)#@9H\c~jwh
(	m KCV7Z?b{EU(T",false
IcCUzK,"dO""fYkways!xId",xV3@'\4jI	!XfKhst<jbtKN),true
">6
_@MO1X-R1O-( o-8S:[\pd`l0&.	n",99gdqna4$$/h aQ@2a;zb,%,false
"58r\H;*-H][-'{80b,Uu",IxxB_/r$T3a8E[Xni%1W0J@[bc<V9,"^J^0}zGMRiZ2,.SyO	c	7Um T3C0?euGh[
-@/0Jwfs",true
j}C*~pl)6sfy1=?8*cGWE$G_G}\*4dlgw|x'\{-jE|A\x@0wp,"/"".^C*7`kf~7+qQ",0*:ia0|P%x6;dcr$i'v0Bb7/>v*,false
ESuW2ZdD@.f&S%&}2n3bjG9btS@sn6T)V0,VG&	><g7zu-,"A#BPdPSF,M=c n<]8{Qotd1",false
^-UN`;.]GY)O(}hUP%nP`%%$Ln,CvN3l,"VV*|vk&L)5OIfC%d!1>A
l$Z6'%2Ikar""L`fkuR^|]Cx5K",false
"/G*DIYa/3|hz
yi

G:V/7a4?xJEg~&(",!Sg7bhZNd1-x1MJQI	H}gD pOca,"{ea|\-`
$75'^n/@""n(Qx+.r:#G/F",false
tKjfG<D@4a$~Ann8,>E	p;FJF]?w*lN-Y/OmB/tVg2^dq,".`AbMk,ZVulx;D7@ O	P.B#2A8|""2\AQo)>wVvQ
d;k6&pJz",true
"oaf7VD,%du",SPz1k,"V9=>uy$<_=}33 l5y(\k1g|X~15-Q-ueQ4,j=IK3Y'tv",false
_P&k@dWF02CXrV~=U~qi'90;,"T	b}RX""U{'on""<41lKq	x""hhE6vqS","nzX,mO0
rVekT/pN~W7QR",false
jJ0S$7sI${z$1RI_fVupw092EulCl*KEgslu+`&Sf	e~'KZ$z,"q""K<jIl1pS1DIv<r}fR""i-	+P*:[7kFd
3;",No-op,false
fmLksQ'm\[85_y,"Y+.q`va#;5ead?Q!3-5GIr=,/>+,xa""z!5~T!IsSX7eD","M X^{j&wN9TfzE.qeg@ihB_\0a}_<1dvr,qSriT",false
7cf#JKfG961@;RTg,"~wIj30
!Sd,o""-571oM",1q|,false
WLo5ms51S6EmS7sj/&ar5qUS'r&e,76JV_evGV\)6=fA-$$8s[LXG<%nv'@0^~,"7 LjI[=t;>2o{rWO~hIvfd,Q}OPb4i9PEmJTKao/ey c",true
"1IA9ZO]gG!e|vNbIOL@""_NJozRH{lOSk4:z(f3:NJH-#{H",_+ijo~^$t=>lP.x,"4#ELg>JKPL,vYg",false
"=
y7Uo[X'{]11*3CX&-B^@J(TJ})q",M|zP\FtuL~d,"+~4))0`=PxV'Ofi{qo.#yb0XVX H	:r[2@
ekp_,+N#t3g5V",false
"wo/\,V#<@uJz*4wtXN1$(=)$1!","0Zvo91djp2PzB\/1/Tn-5r2""q%RVY%GH`_)",oq~H'=]Diz~pk3^nx{ZT	bTSM8,false
;Q~MuJY,j6|^n$~8x/HA5,gfR]J\Vx#dq^G_Ru3\'I.^?\q)DF	fYfeB,true
"
A2a.HyW&iJ2`0,lTR
jhwF`C]le73)ombS^bs(brMZ5",F~x6';Bpec+Z=<,-~oc#_>jClU{I>Hclv<mi2w,false
"r|;PP{
<i;,@t^PKxhX""$LX(&\4Ji)yD$voeVJ\4h","]^2j|K5]*dL):4!B9<wK`81k]d~ClxM\z,C9;	Pa,i'%))D",BC!~<t%,false
30:Gv9/7jilui3B%	<Rjj&:5r^Fo!SrH31^s	A=Fat,"NxI~huID-/4Z]TT,", u,false
"v6aj<-Jk(JakS#7HX!'2QS9$aN'oM16XWz	fzsD
i",op5dwa+14`%wbfRecr]4-ZfVf\f&*[,b#d6DVruRC') ^b.bj9V?B)d|H|Z~*I/nb<Qy nFT]mm[,false
w7Lhm	ONQ,z!2K,7tu*c,false
"}F;CE\4R_oZ|sWj+r|,I*CsdCw
%ARykTeAbl~","Nw[4U$EP;$,tH2,"" ~%2`22e
Rc7EYZ	J{}uU+SG""RG1L`\X@","yOQL2	MO>[`
bN#@^'FX <A
>6nhuP)LCx^WIr",false
BS%t#lec/6it4*\J]+)c1;02_Ets=Q}E1lpMVaCs`,"rzSc*mFS(YVi5I.
U?",2[9USgA`AF[9'JEQ,false
>Oc=HzQ%$[UnR(kbI7Z	j3w$Ww@6*,Wbh`X_g?^hH.4m8,"p=i%% Ep(+J~""]M	n#Ex+Kifx9",false
#Rr]]qr-	8Z-*5jg	,//[~\hQRA, A-+`h9#H/0@q}	N,false
<K-uJ,^[,"!]8hz0[rqE2vR{/{a3S7N,olRk#y'QuPOL:\Tz(hk @iS@Zt""",false
"bCsVSv?UNI]b%/B>h""?`
=)([sA(i</jRe~Obij)h,'",6hABo`N,"Uh""K+kgwL#LfCBF7{03ij/fC=;PZ;.Y);Yrm3vZ<l^;U=B<",false
<z(,"iHKFP$,E4Ms4sitp>ll<7}yfktL/~@na","RpEf,ais9&,6>'1EyVh	vAL|^s?}|*\Fy^[ H?=<:2QkMZq",true
z$k'cy!lC[_t7cG;'7%cx~D9:@kD~ r<B#=(sftij5&'HtyJ9,kn.|L,"f;Ub9F'>fgN
U;>}~3Jj\~b",false
"VK)0	uosCP 8$8U{""7w",5Q,e6X&c(nqVdM(~M-<^2>s[uiDGH\	rz6,false
w/\z#PT+AG&s4?=2u4Q9<HK_,"S""No~wkEJ8L3<b)jGJe(&Ds|)","]:t:N-4kSk>""CL]hv0h0M@Bf\buf<^A?*El(:u*IMvCya;<s",true
"Tm$NMyLN^nR""k	|3n$  
Bx-$XI%+","R'-oinz{L/DJ$HHs1*C=S#g""5)c|f!Jgt[{;E `*",,false
"gVD~;P7?P&2@+5.WNDyQ[zaZ=
b",f," /""
T}!f;fWNK:1KI*|^b(lg%*gm52zap}yv\g8;%%",false
<J!,wcMK6:4Z8kZ&dK1&T&_NSLk#+\8Gf0sR1<k!E%/Jm$,-]gO>'FT4}r	^,false
(hmr}e!Rzysf>!,%NN.ZAdx~[/B6&1bJ[#uYNwhOh=xN_t ?.k!fJB~~f,q1`>);dNT<kO/KFAli6\,false
`9!wk$DS\QJr),"B,;`(mBb;h3 1yA","'sDr$hwN|'7q`""Fq]8avNIBem&H{~1``YBP)yS(G<$}Ubn2N[",true
"s0zyR>uJy)RLLELY.""^9Zz4+gPhBx.&x)j1",KuK,  (VL,false
"S$@j{ns=xG9""UN}_OvrAz}ovq
BHqkMEJ*^e@4i3","m9!l=F^V	%!\iw>VS@Hw8\snU4;h_Rdvzad	4LG"":{",",!!>:|U} s/Ls+,gEi6YAA	""c",false
"uyu>OsyUoM9  EfkGy`M	h[Iqxe#],D<aP2=	0pnv",3,"<u?}M,n$VIE!CCKg4_U-W3< Qc",false
UIt8eLz179t=/	S0P$b0>vzX|+Hk,"NxXxD qs!~4f8HZ@cThR%
*d=<5a;i>","}[*X/>/:-zktFp=bV0[""dj|a1oJPIIx&B%@76b
+c",true
{AugG&+H6b:s=wOhA,"Y^W~r!CzB)Qt<Ick<A+0_G(Gg|6,coXa:iV#>B#Ar-2s",&\J	&kFdkeYWZI,false
"w$ukPZe-x|G-d[	AJL':VJHFIS?
f>NL","~2P%a$9/
|0v<VxtN\/Sq>`","AEiRdd
UT,",false
AC1OGt_`\8P3)Do/,yXN/id_ZB*0=9&TG[X&#NjdLTxB*\v,""")TYOSX\q18WPH`",false
o8G/fHB\a\CZdWuL sNSoNn2,",[!oxq26Y$<}{~)Hq2 Bc`9 )2D}jy 	Z+~$lw?ImBw""","""nYKfK`s^?qoKU""'noQ'2""lfbqud<.=gb>NKATM6S8#$/V`",true
"NVU!cw!t.x[aet|/*eC1*~)v
qL","VT;lN2O4|&i""m76Sr-5{5",|}HM}?/l'pj+RlZQF}(q9h,false
"qv_C
	CN^C3","UiM
RgsZcRmN#STGgZZp=*;x=?Dm%.nF6F-U`HZ|=[#jsr/","{PSzQQuVb',P`
*bV(cTK.p2&Kv	'X<.Gth&J",false
"U""g`RWb&1[eZr3Qt;;jRyam",L<EYlJ,"Eq/[\e""	gsnX
:V1~A7]fr1>+C[!\kL&Xh.nCCe tu",false
"3DM&)[0Ti39q1+ph3g&*('[JFxmzO""","Gw!:Pos8$2x@@DN,Fs	o-Y	Zy","&M\)4FC'&iZ!?
_Q>._]ueh
@``g
N9`#Tfp",false
F!COl2;=Fa]d#AJv,"G=""}S{IV'knfJc	woq3oqZ2",T+c4|aJ]n#vhgq#[]+3DgfnI,true
"ZXjgB//,DV6z/dnOX_",G01,Hamh_cM$_m/5e&9,false
2bdMmR~7ulqqHxysQ}S)NUatho/9g]wYHwyWb jC[]g{*,"-~1i>jfhX 8gh=M	k
oLjf`3D","^8.}Z^Bx
9:ShBY(JbT7OWHdZn-	Iq);eD",false
rYy{^g?20zmgu8=P@Ytw%0y>xW#~!@&U,"8k&""s
pl;]9wzO`;+Lvx>eGm",;ikc^j96GC.T&\.`520~~cjBSfRh!B(9DK,false
$E^Zb=!o$mrW, ^z,j3ySH>9p@ Zu8_ntt>8Xt,false
"_5sf::JlcXqy+""e^",.8HLeM<sKQULs'g,SE+yO7cHZ;,false
*Wf$^G	T'h~FZZuuJ8cIBW(^%Em,"tvlJN@Q_U80h%;pX%<el=	ktrn9|KL""jr0,ZoyS=",S'540val.;kSTwH@P,false
K}IBo9mH$*)7-\TRC$.)s aH 7,"InSje48IU_0{c{58*a)YWL(M""utTc3bEc! 0",zVxsMhS.+,false
"_:.%	Dk,5,xCn1lgZ<@at@X*'CD&)~v .7#4]g'-*tNK",>ZmAEJo5+o2^SM7Z-xb4mOtb,Im|MUFeoXz#41L=]]6M],false
+pe#':vbQs-YQB#4,f9hKP 'N4e1tZ`^+q)-6UKB-kL.-(mQ(f=NZ3m^(7/0b:,}m,false
_o~x,5?_4OIZ3wGw**wHPW{6#GU[0CWaL,A =B&A.4#ZfX?d`9P5]U}Svpj*1H 3Y:Yr_&	e,true
ith*_83Rxfoc7=[[8c2&n%#,7	Yw:Df8';JW?CTW,w/Bs#,false
;l1:.;V?&VtX/_jpvrV).ph<tJHO/6R=I*7M,,"@,",false
"|\`y""7)@M1Fqa","5Gma""_vb3@q",R,false
r]:!#1n6>v;d8>,"[,#A*sfRtWQpcikFk~W\*@`9KDlc5v	wB)N,_","rcjcIu
V)k]C)M2j(a
(\<Z&cbi/T",false
"pSye` ?BOZ\HqoHet[Lp%;~2""UKV>y%RHR|Rt5I]N1\yUa","Y*]C
;;>MT
(-a*P8d%lF
&s>[j9;Z* ~gz*~c}IK&]
ZsAh","h7y|.BVZO*""nJg}(J+""=T?>0z,<7Z&mFv",false
"70>1#,qC__tp-/Y	Je5/D~;4+G(*':Rm/uxJtN-~3i1[A",eHG@}[PD;!:S4 $u8`	e/KRzo9,"dpT{@b
E[j:%""ELk=7fsplZ&pZZ@""# ;RF4w",false
: t[VBOa1,"(XYG0qy~N:^kTk9[%aZuXBMy'+F#GBcbHHN8$d},n^	D","PG^kNkB,g""YWo3-ilq",false
"	+s>N6}""sch{ +tAl.*pj$uY8ZQG% Z),1 /pSRVi(pZ|",G:XZHuI!JG$ZQ*<<XrdT(s4,^G{Zr&7OV	<xxw)tjpQA`n)],false
5y(s&\%iZ?kYBu&ZP-}5d	X5{*I^+E`bXlB\F=D]p5u$',"f""6VT++*:iRU""/;El{`p;C^=","agm.B\j+9R5( ,JU@!&3U	L0G$;j%!ZCB])b",false
"D
,9$9b{Qf~R3B","lBX2,0K_{%\BY'%)f3ms3I{D","Ez`E#vc	|@0YHnhm\""arj7AojedTSH}0C`11aL1cUvW#GJb2f",true
"FBWkv};""Cj[SSbv3w9~2Ot9j?GC,W+T",7.2r&rN^Wt%tN-N*Ku!(sr;Cf5E$\D<uuH7t,"Ol@JuEoxjL$pR\	-v~5Wu!6}`qIr%3
l!wB{	5ap1d4AB/LX^",true
| 4txyUZc|:%|J28&a1>_,W5;zebf%zSMB:,~]P}lWwU,false
UOjU2r.}z6uhJaY{l6iw	Y,zOA;7>,,false
",W","Mz	CVuy$N\LmObf
7K;D)Ia!I7JGjK!^z2Msv",B]awWSq>mRC'%QdM*J563f,false
Px>g	1vX|0<DTsE;b,/u-<o+x1Y*4\zWQt:e:#RE	Jj2 sA|8+4z	].M+:<C2,"Fp{]NrZhljs&o}^F10K>fH##E1
[qSD\My.`P1vGU,",false
<qv5aT>]9&IS)5&>f#.dk,"DW	E\^$<,^=A;G& J	[k@h@~}Kk]6Wxt""O","`bFsmvaG.*#4>E""_\",false
|s'b%7+Lm;d&S=e9,"p
<,F,K4yin",Nsik_\g!-=&5!NG@(	3,false
9x@;nz},Zs3y&0/[eWKSM|}t-,;P6iVOmK0@+bbN+m*Q@{>/%I,true
"#l""R6v#}+CJ\'",Df3	6{Mc4OZb)m^dOrU'r>,"wYSlHyXK""F=~s-#@,
6tYS
5Q5AgR
?",true
"F^~.(7\S?{SernO#y,NIfs4_0AOj{9AL)","YM`'.!vD4Fj@3Od d]GT""RJv($+rO,0a5\&]??(%W5Z}R7","5 }5G{jl<P,^ws`.?I6'%[kw",false
"C4(K.(
BLK_$H ^_,j;4Y@wi",>az4'HLmv`j?e8,!,false
"_><}//B,xJDu4/jMp\@w/>45<g5_=Nu:F6","3""F~ie],,R\{K9wj]=gVt7{R%.?|[dd|kD[rXM%D?O7VE4^	&","%0Tm\:""{>jfG'Bk\aw,+\H3KoWd~~$y'",false
"fwv(Xa""A
","ZbfF?$=1Z6Hr_S}vVOuiS)?-E=zV""IZNmdd$k:t GT"":kwUrq","_^	
n[/PdrL:b~NutX7}S=t-: U>-^WI1tbeDj]x/AxySyK!",false
"Q4]vOQU`6t%UFwn>l
M4EFh-'D\aFLUPI","1eu
*K{y(.",Tc4`u!EPz*q/gyB	8 QCkGM,false
8!t$Wc#Tc{Rf{!&>i4=3VxNY\M2fG:&7aQXl,"utV~[dG,e%)<2[`plb+ArI'w-}-)z~''","/-!cg]kX=kbZ+lm.:;H'G=EH{x,'F9ci2R; lU.o",false
"oGK2Ct6P@W-C5e5lyh)PFo]}a@1,;hB[j95Q5b'-nC|ul>","
QN-!F=To4!44oxIk,
TRLe M|l7S~(y""","/v|3ge=T}=""tN>4BcI>GG?""gD",false
uN89I7aC<ky\~9H:?clBv,"
2lgs22
;C;Dg_=kXcE L","^go#BE
I#$;76Uv: C4$]Z",false
"4~d^UoW!G-/t;=n(\npr7+70v92&G
oE9nbikreuCef8eglA7","f<ras\V=_H(d,18l-cg-S|c<+	+/",7MTMgDHeU>,false
"g!K3{-%&$iYP5A(|vG-9gam	.V.>[l\tF*#ZzL_
RNF3:#/",Zlx{`zkQ'-,"AZo(	aLbsIWK	8Ohnoy3j_(""]'vOI;d|f",false
"#1(ky(5LX*_MD*u
	mO_GjhY#f,	c.dXJz*{ gn~","v*0J<
DX&%YP",,false
"Y`Yb2(5R[AL{]0=/%c7"" FKkaU>DqV2=Gb_pc",9[l)D,"'h_
B|uFd?#4rm!N J~5",false
"lyO _zDTKdl=H""ieWJl48IbYZV%zH-R$9;Go?l.)e'!",r<[*i| uAL!h,_94;!Fj1	^nWwmLDaS/w'ih3Z<w}VGMvG;nwoRwFY,false
ddGI@%1N\AZHWq|C/	_5YOPmUUxR)zWr6lDHU-0,Sy=E-Dd298h]2(#?/,$3,false
aQ:C@w?oFFhz!~J3%EVlWDzM\L*? ,2t8|T#yx9j	Zs8,"
?x:1zYg|=OM+Gd",false
"D2Ca7
 a/=cL8N[a7Z$!""4*69S.",wVGD,P@wMGl1vzIN(\p,false
"g)plOsW/kU2 :
\*Q&P4f-dJp?d+s","	9Br<p9c~@K?w""5r=W&	C-i","`]cP*@#6Hw>(MDqWe(Ol=Kk\_2CiirBfW ,""U]XX:+>LH",false
"&j$is1!SC)aBUwTk
MmidimsaCW+-5","AKB2/3.8|""r~3*`:f!kPrNME","Bc`*~""/8yNitwrU9uTCy@&#0%l",false
"""~.]n2)|U%ciSu Ix>kVZae;y""g}Hqf1w5k'r&N",zu3XRx,"(u""=X5IYD75`Y7M?,m_}\kYPHQ[z",false
g=.rR]juA!=Xwp|Q*ZH?b,"YnW9k~zdH$L6`/l	b
4K5Iwv;jqB6wY""vh)Zx]5m ",rXH*LqW,false
,h%de*%s-GcZdZo80+:386+?59<:nW	4%iZgSk&zFt[q?o}\,O]}Yx>A{iNZM7vgSp.(9*,false
EnmT9Q[a2uOZ7m,~5AQ({6KAqRh=N\H3){RA{3bI b00]U$6l~wl{q}`,\mqQd(}U5m]@Gwhjw;MTe}B=8{AQ72 gQHpu,false
:VGP@8	|l	+?WUBi|s:bph-5BqZ8}}#ljTM3;ex!)'A\(m)Zp,":]Z2v#uf.=Wjm
A|PAp;4m\d*
b<O;q!;3D""-(LrlL.n",(j(}%K>mK~SHc4Q:dLi^{W-2fE~5N+0#/JlbNs,false
I_[THu)@[DT9~y*' wmhc1J!u]>]AMGa}7SYU0,"	(,$t)","AE+K_ S#""x^-']cRNJk!9",false
SI3#h&,"z{V-,B\RA\	['nU	w6""I,aFE@;`;5bE;47T)btR",",p'uAT$CQNh",false
w67IL&!,*3zy,V9$a_,false
"-+2u`|yaS65bM)0!FY}VF5=VY[tq!=>?Vb7Z3,qW","l]3aq6*-4-x;Z2-[Z
aPU",F%W@skv|Lr23`hK23-^j[3vF4lv';Uum#r*jj!QoCA[Q5	aSK,false
qN:k3	LM#1,"z@!\	n~*t_x
O46X@L]B2vN`CI	w/46c.M%T-jGmihl8=W",]k>Ty.kk@!-v{],false
,s7j)eG~=B\H`6?osC>p'=7CP<am%EdCjWs<?,"O*Am_pX8{;,w&=y)]%4]6W<@6SVLxu-1aF01:
`
H
##j(L	j",true
,dmV5NrUD*:pop1qdgun@IwH->m}*vo,?AS0'K,false
?J6,"C){P+ASK\+r^[,:tLT?F""$H}<3]l]:c8Z&",{_n<16y`7P_W,false
"A~Tm5|n3cE,`?[`L?jVK_S$-^IROXnV?@bm\DBX`'*f", }aOR2psvy&5.-IG?VMkYBTDW2eIfsB \_SniaC[2`J,"{!bm
b!`64~3l%{<ZZ`KB2Cth^h,iH,F0mv+*8<}r""MFBN",false
U5u,.|M9N9I[1cYV~S)DViS	%EX7O- Np@sWZ?f<h`R,"Si;=vT9Gz4|m<M<>t%d]9.hROIdsYLH=sg)MXmrsy6eRA6&,Q",true
"D@>;z<#W|n_G7Pt{]`t.,{uZ}",".(t`qr6,iP|=A1FiQFtf|#l.v","1A .[lG
YR_wz1 JZ`@H%[ro",false
"ON{jKjwoS@""
=Ut6~\7d""}S ",5k=3tEH5,"prS;&7,wuEh]{+9",false
"xx4u~<:mv51#&{FT2Mw6,|DY><ad
H->Ub|?GB:Pr","&l=4dd-;=5ipdr&.ZsZ""d7",";b}	sjM)*->oL%j"" yf\7dO^7+:",false
dJD1q$Cqz\c1as7)NQ_0^2^34:{U`9zT~<,x{,:>9?pv*jsT[~]xk4l OL=.3,false
S~T?P,"WkZEAT=a.~#rfT1/^'*_	gq<9Z84xnr'c.9|
wEU5C","k8"">/=s=k8K>Sw4 K*r)Xq<8",false
".tuGzx-sQ 
S-$N_.{Z!'8~03@=QIG+y)%'XSGG",{i#rsvl%%r%E!Z\JrG3#r,"v
`T}_L9X%|lqfO,N3T&AM",false
n	kD@L)aso@YPuR&xe%_E$3T._vn9;,e8DF8kD;o+4 w[S7#;Vlb#\]O^#Cg,"E""nc%{wpf7",false
`lx.>twj:vaEk-pjs*%a1/o%QImS7X D1z[k_MXa0Yt,"qwk'\gLKU~~k:JBV_RX-wwfK-RbQ<
T7NA+pv","&i,Sr3!",false
"_(Z=`{q>!	)-a""	? uX]L\r{w]G!LW-",T~A=%^xwfA!`1m!8Vg?82z4RNGKp3!GI	aCqMPQ_^x,/p*7@w<V[z|ywphEue'2P4ym,false
"`h^AIJ!80Th6W,.3S-TN(K! Ac6^L=#qR>t-t)g",}bO^!ugc0{>1,ErJgBtF51%jp:3CQ:=7Qy3<,false
"n%#}i57/8M*&m,,>8YN/!>dWYOGG[
P[$",".&wIF1W0+O=BS:u h.05\15+C}=:
A5/zEyF","9
xr-] A+7t?J^OyP",false
fDMrtRw PptQ^%k' ezp`6|?ollbs 	,"9b!#,EY qj~}YdsU%T,tN_j'A8(J^+N%N4stmQ( 2","""t",false
X} pnV\Zf`d,"ZwDAdAO=hI""7>athh5D_)/yA?ulX8k5L=
Q;=O1j@",	xY+JV:Bi.,false
f7~faZT6~Y@W=x#lsalfO{YhL,"P}911!""*gHP6A$_Dnqu
kZm%jq`","Bh-e'hK [DAOwPB`
AAY0h",false
"`cD?Wl7F?E)3o=H0MXxKNPg:9483nL1L""^vn,lr s[R",Mk+xi},"|V*(jr_(*2zVAB)/=Y""{\9h)VH",false
[,5M(T>zKac%wWq*&BY>0L:@M~+GYO?5 q3b} Bm2BGO,HOfsm2gW)*T5,false
LZ>I0v,0M@~>V}OuMtMvQevAlV7b]0r=O<uJPX|20W~yk-fO{	0@,B>@Pg!f%J/(oG5yvhu]h,false
I{bi?NNea<.%XWfA&?u6HU y,-v-dIk,"[wMRo*Ow
Ko+(;]U~tD",false
"wT]3Ev_fN""~^Y9D|~[B,/V]_MOl	lc(o%W$""p|^Pou","/1M
<|Xe70tX4tMos}vcb^#.$\\
>&Tu5YH","&iHtl:u
~N NxJ
VTQ'e5/x	
|['S+'WS
j5xt~Fo>s",false
8{A*^,0!R'^|4'W4,"AX!^nl*Qc
=&#O",true
"mTom !LujCtDW1wPoG7[.~,oQ#<Im>@(",\JP@lQWHO!WAo`nv^f%!B,"s=ag	iv;.gXY#z>""4d",false
"t""=4$GX@-/IU1nrp<fqnFco2K{,--:2Q~@pP","w(@2l'9
H""s;(Yf7+gZeCh_-03{y","Q/4_a[nbA;;{p}`X0HZ^-Z9*gd5DH
H_$o",false
K4[WG+`G%Ez0Gg<a/([z*'L+$')jRV,OcBnAuPVd u,"\~{r7}.BIZeWn:t""8RT8	Chx}OT,Mf]l7",false
"tCyV^6 5@]D&-3[riuQ6\K-,itk,Y_",>!|o&XiBHDt(SWSZqIF9ba]IVf$t>yI,|*16(sGX{NYd^E4uGq}qN +(b/\~gk4,false
X?D%;W?$X}iN=@Y%(|,',"C8
f%""	X\X#l8&<i;#6",false
FwCq?J<1flo5QV,hzUdi%{E^!},"'>NxxMi[Yj)\ez08B,$B'napIH2>VdZUw&O@^7ae_S>%<h",false
eIojc9%KEeB,UQLp6A`v{g[KHkee[E#}z!L:|QrB840!Z:#pbVc#p{K',"Ey
'Q,rs[U.PLwX\P'j*;$%",false
"v/(lXZidD%SWkd
!9w4c,l1z	l", yR0yXwn$,"1uxk""@9",false
k0NHESq72/t*;()>V=EK|,"Uz)?e)-""7O_VB~}_{1*7!2FA67L5s DTF]z;`","xroErZ1""lB:A[>@TV-n]yBoKR[=w^osPpIfi>pPc}z_#",true
"7;LoL/od""(-:uc$
Bu5-,bJpgH%De","0H;`(4+K@AA.'OV-
_<&e }qmbfZ0@J]mO","xdqkZ,[zi|Fnd",false
"""wW&=]>IfE~ Zo7Rhi'<bHQe9r	Fl",C,/mqkv2]p2wL-%>a,false
"Stw@9LUDTLI17STnZA!3""RkeZ4PiykUNrBNtTAj@R",";<QrY
)jtb]b ekDnP	?zB084tz",<Rq-B,false
"5_ujK,(5ro,b~`T`jAX--<9`57S,-83f656So
TjY:[@oN^oG",,N>K2R![7hep v(F]HQ:b\PRr[lZpSXbRLd3}|Y./Pyw,false
\c],"V~Y&
r&N8.-Qn.|[hE `",)z,false
0Rk!R*I2(,"7d,si<0$\",Z].	a^2X?+55DAAdicjaO>*ii]ku#jSqk,false
"G(5zuF^Pm
b8x&_qAmy>bF#0}iYO=so]i'oCX*","cN6cUa#CqgBm_GRM#~|;hC`1uu
IT|4J","y|X6hI/}{,",false
"$^)>B}24
r]UT3GS",>2@2qck-_w?h,I>B  eqm<!;mi%$,false
00JC(z3:lQU1SC%aYCAksXv0#8dDF8X#%h4*EP=sh,QK:Rhyo,OSVmX42y?,false
P4?PhA8!tyvI7`odx5)P\Un,v*NDy&?w!!^*oaq)KL@J*mb=Dv/d]VP1};@cthyy%bb'w,EwR3%@vi6Df`xl~pJq/YXt){jrjF?[!lL=yIO[pw?>bo\,false
"!G9;FMIrlcW;D[F%i2w}jD3
 ]:t",?aJe7%`plc~Q6,8&t sj_1E**XR[^0f(@b=;fc)wbYes>.q3,false
Sj9,"y!X4>uBM5ru_!K0 
GTY].|^KD bV-/","phY)cS)GM!T~S,^",false
{}XDFKd|],"Iw[8mlHA
Qv""g&iD/83JO#(bpbmnb?S iAI""KLO",@~Y~86?W1%s'(0yS/#Z|wAfG[y(iy7	|l1Y&oiUR5GTJFu+,true
",[G, Gm*t$~VA_lo",QY-EqpL {Xi(rs,"njHl=%qt-
w-I
a-e@
XWGn68><qE1/-oHMSYmKIw;U",false
,"0<;<_I*'NK#""","*(o?Mm`abZ0%.>dW,D!Mef-.)|u5rr",true
c!1f>sysEC2wO9jfQY`?l[<yH*d[9LhWX>8WX-4Cv:!tl,]JK%Re],,false
"91W5?gG^b^,=)5;m3jG+`VJ{9L|0$^TdOyf:6|>kizu",,o7(ZC7 H-qhHUt x=WAS[Z(!hkf8wF>0an-lgO@Y,false
hO]/b(JRtwp6^Hsk'k1>tObV2*ZBkkd0,vL..rgO],"BZ=
i7O4vl~ ",false
H~_[LaekQG,C3CYD,"Fw	eGGJ*sWC(l^$_f$
bSsqGT=]:G~G}N-|J&",false
";ZmN[_^FoL$]Ao,F.#PU-L1:K
S%:>NRt=qsg!k+D{I8a","mb}tw)B:dp@|oEhar {\""?C@T~Tym)'"">CX","Rx^A!2o?zVMjQ)m@c{O1CxSL[le9U5u(p~_7Nw,&=#2S\W*^!",false
"KLdN8[3vbhDkXiPyg3jCD/J)I;Tg,dH#Q^$F6@nhK}QC!",cKm,Nh<y|Cn!^r(^OguX/*RR(;lg^8h#t|3s.TAtb}d.fOulZh3wW,false
X7B0'ecM[MTo_:|6a3,qbE/T/ w;7Z(f'l9F,"7}9v|{X~Iczp(&R5=~FaW8AVW
RN.6+N@fG![$N!Ow",false
"IP!e9^Fk[sc.9+{""g0Iiw_3_D","""wxNq_ gEXgADrumTS/u34,<Z""N#as9.vQQY|_(?Hx?","_S#
PL?28F!
?e",false
w|,"{D"".",k,false
1~3'(,"'l
UD3*}Waa08BX",~m<\9j`@,false
"w5`p, ;!","a#(.^LK/+O~gc?PfZJtLb};glB,/@W/=AI","7g""tD`DF	4_){x|C;?P	~Z[=nG.TJA.%p%2)",true
"o qn
gR:9UJj3J(<",",8{;5f)f{rHZTA&p","1J{:]	""0f)HUOasY5S}#:#F?r ",false
G?ijE1OVPbI-Z4,"M2g2r9NW^h
=Q[RWI|L?;-Y:qgc#]67KjrU!]QS4U{!0D","m Zb/i~by/<.	,bY5hO;~N",false
") :d	.0a=7k{@U,Ms.`:.h`LgbQ?QU)oT~+A)yf"")4_",")@PE.&hh4s^[""$","Z@Y)z$vI?""I7\[lCOF<2",false
"B""+ZCO4t,MNSNq@CS?",bU^gV5XGRnX	ls!A sbP}sKy\,4<_('iDj{Xro;amAg,false
"7,ah0JFfV?7l2*;

#%: 1F}rh1$.eRa|c=	/b=&=",MN<hR}b;{,QwAw	~Aq]/'j?Z]PBSxMs}Z-.P~,false
%aDaLpQb {g+ sS+n{G^V~}t7FC-,p]'`B#GXs'f]O-0Yh?L/~1<m'=cB[,px.4Duyh,false
"Je$|{P9	IM$]!{y8TlI,JZ`co6gevt8{$h""?6qspc[pe",''|n	3!WnVkV}p7\byQ2YH	[B?!!m$^,Gsj},false
"X(VJ+,V\Io^Pz=?Uk.!|gEr]5MZ$=?c3+WWnR++N",N]P56g2,UT{&)hb*6`~1Ug,false
"RsbWmbyh=SF2"""" tw&T(vIUj7z&U%Wgk`I
~H9K?e\","kQ/*7YTFx
;Ylis","Y9!|5X,.I	*ITh;wD5e/JuM8<`%r-(q@u2 vVC;{?H0S",false
",B{","qG[Cs+w)@$
uZ","PJ8$cN~}\y!`>`juTW*C'&kv#c.wKHsG-fuV#XY""",true
)<ep9[r`QeGdh,Y&X{/j?F,	Rp	\}83atFnv7g-qrV,false
".\JiKO1xl5=e_AImi D&.Es qL$LC:-J]@6W 9tXA""EV",#si$*W{R'$uG*eg5){^L]0\,\pG?vq]sC1|WZ;m$,false
,"	'Lt1't,,=USt_`\(7~o!j[R--7+U4GK	N4","J.vV_<R
b4P-PZ/?(0QDZ ;]$(a#Vdav!~lmj3Fn6Oj,",true
_3YXH?,"PgB+Xh:RPUOR@)""-7PyX7o","So@y,*s-*+t	])AXd+l&*[uc7Vb;BCt5[1}5`7",true
V3/,!T^W_br =`dPg52=:5]\+;<g<3H _I5=paV7888ar,Q:46_QfMyxkw*>I2dBM@/cQk',false
"34%	z/ZD6I?^i*!g*w1WboHXA""3h^jI8!Z*q*r=r5k@kvM0?",|,"jrV80(%qAn""rV}xTqKthp~",false
4B67UPcXRtS<0J-}k;2+*1VS_wLbWP=2eO\u'GJUOX0'+,kx>iW\.IX&8Ri},"NiFam5j|`*yO}`Hg~+IY9>
",false
11L%Xbu#rK<<ST0vR^*;Bp,"jkfJ+ATM
:wVuppQHvh7TB)S
"" I","tj/!34#QEru>^B[
=F?69&m",false
m5,9`x@M8'6,9#$Y6X`LTO)CHs0<Ds>LPmg{tVu/]f.VFl:c}jI[==:,true
"1$F	%""t=xW/,i\Sxv%@ea:xyC""teca_z^	n/a+W|t	68",?'oEE9kJdU:{cS/k@1|^0}\NG,Gf}!t.,false
Fk4nFwSkR/ ;'/;!$Gd;3<q*-_`,%u;D>Oh{UxWKUh7Q]2w@QO<iIu<8}_Ye,"6r7ep
m_v.;R[=`vgH~%^",false
aa!wxF}G~m7b4J(0 Pg 8	~e+S,FiTR$8DtCLn|6k6,mG<y'-HA~[!sdBxY j	\W;$jgZqYh5P(%P],false
|APi>^~ZWa7t2Md.zkkn_	n,HY8.dYj^ZqkS}RcLR$m5o$n'yobp(Rl[kL{UAA.ia|6[g,A	ynx!	J,false
<i9u&%qccm-e{~Ed4RghRTlN,"#B;/]a^4-jKiCF}A0L;m=ChG2)'e
4s-",fwX&4mAk[X[JHY$4gx17dbck~6 %%=,false
"evprHP""U!0b#K=U><EZQ{\oX 'Sp*a",h)4NGb:;K{-a;Q8MGqRj+`$$:5>2F]UeGE0EcKh?-w,8N!T	TvNz`8 FHG:,false
"&{*Pr@
5U`TcVRj_dKi5lz.<kG3!0N""_a'#oq@dgL..z",P>keNJTrQ,0-77?,false
^rr1-h` 0!y'o$vfjPL*rU8px\GGXU,OMGo0AdeC3%-A1y2=]C#(9	ZN<[an_5BqPz5,)NimV KFDgY*-4'Y~,false
",W",B_a,"Okx]Ik""GXL-jj+ya",true
lt(NVNB#` $k5KhZoJ50] H|fLB6{Oy,,]	P^c 36|>!E1`9NM+uWdNAu:Mo)_xm>\aP!%,false
"E|\y<=Ya}Nv:=4|0j
WEm 7FD]^N/6y$qCv&Ula11N","C}	Fk+XF{Z(s{ LNEeN7QtEQ~dE`-	Yq@,","
@8.jiD}ve.d45;&\^'""",false
"Q#H+-K]/x:w:q=eq,=I?@iQMv'i+@i:a%;",T3,"{D$xz""&Y",false
"V34x0IZ,TWs
Z)a,I`'zhC^	AAvDO4{tT+RlV[",".VU[&8T\n?(U#
!)h##q5|I7kmdS",!,false
"*>Q7IZ]HytW;Wt
cSd}'DHIn>DO_i5hL.dr>{$y"," Wh	!<_o,9X<@Lbg+P|XkX""90X)zg'@5{jXJ2+5Q~{pA _,|","K,~>My0{8an",false
\,"63Y
2;2Eg)7&3SH",ZfG:FO!VIMS ]f#+c.:Iim ix&+8}\m*,true
"j(y~fH#o%S0)%tvhM4J ,[<j]*:z`4<xwjA",l[U$\|\u0? p,F/ 3jR_:W%|7Dl1!<qCK#kEfFbRE-=0=,false
+D&0EWRa)+g)PR@#^)9JKOT,"HG	N7G{B\B	{Gh	eF x-""_u;F1Mk7S""?",+6L~k8s,false
?9B9QJoz:`sp},"sas,z.|
YV",;>o6D,false
zx::\y!(eK`%9ScG::m	mnP,u*I,g pVua.w0Cz$/K<;oLXN66-NenP/5WvZGH,false
*z%ga%;cN?adr, kaEje3I+]$A~])1ZGMJ*jE|)&-N 2&AZfK8Odth0@y|x,"""P",false
"kdA:/g7mr\X-A~6,+{
 qp5o_]G=iKl","#gI^Zr*t-	A59gr! ""~Tp2sZa,_S}V""",B!n'SWjX0G6j1!On~QX8n\+8SVm6V3yp%,false
aa,	+*?	%L	|g)Rr6o8eL(5 xH9&8o^h,"b)oul(nX}hR""qr
GZdW""3ouk1"">]M9MAeK}o;_ksF?|9
z",true
"VK~"".>QG\xPA_HF
An-NyI$2",B?[*4oQDnYcoB;}	%X9|,"P5:q''bxHDxUtw7}?V,'l@P itDuX""(7gi<|NF<AoP_l",false
rC8G\reD%\+oH,"""6._noP/)J ]
jV1Tv$Z)]{6B/Tn6OZG@d#KxlDx",4:MkSTJ*,false
sCi=P^4D(E,ITU7	cA0%9=4|0S_i,'P(@OYl~,false
N,t,G*n{N)&l4nE*yi5B4!9sG9QX\[3gZg\m,false
]s0%Mnk	d6)'TP&eA`UI}cK0nmYZQ`Rt1Ft7`J<D1,M!+L<:)cLv3q#xP)X3.B,"#a@Vhx_@w,""&+6	ztfxu\4Q'+
9@*F=fX|<
{VUlG*PC3",false
"/J=	M/J^>
O.Z[GJ$BPim`_Iv#mH
ODG""?:!8AAQu",3;	!bd,ilFM-X,false
%,w)Yi#O2E^\.OGR&l+fwk_e G,@t' jkvT?u[{gS&*3KG.0=wouHcx$i$X[]'LW!XNpe~'P,true
"x){-3}QHaB>YE+^IDLAGw`.G`qhxBa,m},4:~d~h4","6P-^OkB]}rrK%bMWEMM#UP\T47Lm[q}$:s$^o(DCJ""uYG!{T?","P""c3Hx66}D+b%d5K

+KT",false
"M\m
>(WI00|m>EZov>-pEPf3,c$SM\24~?:B","ErS:G'_dbO""dE7@%8gD|,`",",k|ou",false
t,"KH	%Ak5X
	Q>>,C;Ps)S7POCp'4-2B[/x)h([R6","(TY$~D0]psRIr&suT	6jn*7UH3mou|xv
iS.B`I}>NYXLWP",true
"PGa0R){fyt[!F}YuO.(<@Y4,0J2aVT,7qb&
GuH+H2x	4[UM",jhhm$B-JL!{a@&,"G}>9L$W""!w0i8",false
"kE5pkvb2l`V
%}Z<""sB$zPW=(5hk&jaz.Npa,k^)t>_",4L3X<k6O5u3>;*b,"1.6P.qGTH/0y;
xJ_1zVci=cv,5dvb",false
"r~p4[u''bV`p}UY&Axf	@6Eg,5",0vns,"h6r&B=|$eU
7MO1Hd{7ElDV&6#BQ-eAJ9qYdUrm^HYl",false
C1KMR0Z 'O,L-	`gDa.0Nm,"!>LR7	E[}_ foh""O'$[+BjQIQ.?sm!Et'O""Ym!^qwrSX.'v",true
K~x:l\J	u,"^;R=V}g8 vnK[?	H>pWZI#=%N7+I""w_I#3l""xe_6-;f","k4MFdr,?tj(",false
FB4.9Q+|[)MU6*TdnBXr>,z}3PrQ$)67f:Z:6?KOj,>%\OR%@^z,false
ic,"?epi/#qYTl}(QS,I5FMY{PzW>3U|\ eDwoR`Z1""LPboc*Tw",=;! 'T 8Y2+&b9^fX:<<.3JeS$.c%~jiI4,false
i{qMB\sv5oAHuv)y5IM=g*O,DaOF DU{Unys<,P}}Ve3X}4fgZT6HE,false
9qKV2nSTLu t4!7O	McO	8S0=\oQ~J,"VEUv34QFI/@w?"" *)VKFNW5EY?mZ)b=XBCZy,(~O;`+=G0n",FgX ~8@>(S'01t,false
"O3p>$r\""2]ZiD!m""""{=0b#47p>f(R3glt2S",${6<uS.dEoeflq?K^>bvP;)k@_*f,$Zfzfo?O#0T/[E,false
"h{s:91""I:% #9>","SVR7GH{Ac	Lbb'3]9bu,ZR)}Aqx8Iu	=+4Dqi+:N'6g<%u9",D&!)w^-C|wQl.ooEWDHZO$M/5F.pPW94fIh]-;PZL,false
"~w:|hCo=7X%IB*gu=`_""9|q5{<|:vL,Jxqq:qPO\s0]^a","`%c?&!SI(0j~dLrI{1Dm0U&M&<
I","R,Er,sd9Fp!%ahg40oI?;d9hNcD*SM)x'",false
()4)8:T>XRz ;(rHU05BN^&qEky05[ bjwU,"bl`n6,>W (KEjk",!dtZ',false
", v q]}[UveoO4n2:F-k-+c-scS>97j5ku)",6)D-?Ac,@1HF&l@pHjX9I.=uW*Jldwigc/a:i)&P!F)%,false
"B1S ajpDmB7LbbH4"";pS>0o@8Z<;dXwr",^(xILv&qZMgM8Zi,P]UBJ\	6FJX,false
~\hs@USD{(J,"NP/L)&e|j,BR]NWYHt1BiSK","Ry5-yDV'#""$^Fk<9",false
y{j^,jFM	R	WW_@dTI(V~(!q<WA{	2W6Cf~M4>	|1,"#qRN-rLI-F*?>nd1L:2GP%[z<Gqv,CHq'gh
F2uU]NLdHgNyc",true
"h68S4h|iFNbS@iV&i""Vs>)?&~m>#ch='3",RB!LE`y|!a)q[5F5aFU9j?[!W,"asHtv?+ZQ(u=JhoU
ls3);#RsOe&	^iFuN:)jcss0",false
Qa)#G>7(O6S[5EIy&yuKMOuIK,oV1e,"U9-d:t5TRM-x;%%-2,B1{l	Qt/""@/BRF;",false
"~x,e#hho~DXb1!8<TSH9Q}~%4Ard2.yNX0","}4w=^)&[gAL
++G!`YA|=:@]8zJ`",a[:p6|YuxsDmf|5zeffb:8F+~g`SeAI$^I^0;\},false
R,"J:k{_>,!S",":5!17&*U{>l, ",true
"{eiHtPW:TKW$#r+Ssr+~76[*R6xIE'0xP6X?'""<YX#}/{","D#i|5|CYBQ$Hok;m;3hM,I/_ZQquj>d5!f`[1;2eUd&dgB",u{?pwIu=3;T4p,false
}2y-gI\%/?&9Va6NvN@/e\~^fm/,ClJOM@-NkEF4>A2cA;@n![M%UAyok!08/Yr|S}M}M,"SH*IP	p@]""g%*U:q|Tbd\AHrID='V~]8yy0A(LBV^Sn=BG;",true
"eTg~wJP#A~Mt;C!hYl"":`D5_tX&j]:.-T4h3N^dC1f,%?g'",zIBoz<~O$aEXU),7*)y	BD9)t%/BV.E#d/vu9sG`Z2?mFVkHJ]S5[r[,false
Xq)=:F.,?,O>v)	D4,false
8$YrrQV'cq,".z*
R>-vlF~[Z@,V@A]3Ayl$I:[jT	@a[rM/]jFd*rI{","Ys#lu
l_o+y",false
"FW<j,}Z_9#r[S;KHw/>hpC<Y/Gs/_.8//\X<n","j[:QZ\%E2&U,zjV8x!} KW?6Z~WK52
NH*{p.byeGqF",//8c}0^(5=,false
,"@d
r_	;H&CayqJ%A\$$$06nM$b\T9u:iYxudB&ij","9nfS~""VFYq",false
"S0I-7GLxXlU:znAyla o2}5+2u,Liw}gKBCm=Fr8.*AG5v[c",q.mYdnB&}^!]X}[H+>Tia`zI9Xn'$fgo&+O+h/X3NV*O%,"Pk8/q
=bHN&",false
to,BO,	,false
4r[~/@_Vd|f,4	=41NLo|a,sCr?_=Z5,false
"qv#>Ng0I>4('jV:P8X10IU;A~)m%RW_%jk,^	#6~","h'_fxr
@H1=41f(Hn:u$fQ}UYRRr",rYW_.P<	0dtL,false
)_}ybnO~9E6dg7|MF9zR2Q4f,XT?9J+`GXA#i+:$+b0UFbe!!n~bt.:6,"~2drBYQ
I|@}!:wq3}=(T`SA\PSpW>7!AR]_']>",true
"~zcvu)	9WDc09c/9J]f
(J[Khrvk=k*)amV7{H+uq|A","(oJ%	v-gG+Z(SjwXna3)S""9|o\vM*GO[@!+DA=zM$))maH",p@-vOVxUG+0-fMv,false
93`jSzWzW\y~,,@jVN\T}?u-`&K: WTt~QP`qQt;{,false
#.Ltxx,lH%ce2cz4wR{s{M5^~(D'}}i}JYx*$8BE,UE>h~knGzCk%\l%z7AQ!ZZ#RiO8sS,false
nt7#]$BlJ7}[:D\B?341+dx;jIzX,#,".p""tj\6h@	Z7MYkVHlH
0jb""@",false
"s^B-/o	FQN""3NE-Se(\&_8g]@''2b,L!^UY,Gz","mhC	m""BE	pfF",r!oM,false
"1_Bya""
GG",:reO/,",B)o&$qRqi{%0~$cy_?\rA-5ZQmJd9D@>ISvjZ]1%{",false
"A@`bA2~|	
'J-""uTJiXCvw8=Eue{","{qQa,oLCx7%F5Hk","jeD6ctlg27TQ^du-4""R",false
#k,"'Btbj5H@9jVXMX""B3L5s9i6H=`2Y","UmPM`rU
P+X[WlVwY2.A,T4DI@yY.56r<;Bg5l~?0@h",true
]moNt,"{bhzB
^7&@4/J_HrTUmKy-J)]0m< TVt6Lb","|]BpHtF5q{m'""i",false
]P?jiUn91M240L<>f#8_tolWS^0dv]KN9@>Iq4,Md5/99lw*Wgg-i!g\{$Vtu|.@s qb/LjGA2sg+OvUu}`:,"3erkJ|>tTH$| _^4:\uCd7]@BZ^:,t!oQ.{gPL",false
NapW9qq;39CLGj*	)^,"'\*(9,U>)exii=""","H{y\,AP06WMbXK;q.IvYL",false
dUInR<Zeix\i8}T0(y?@.z4-6-@uPHr~0V#Ry8+ZMt3&Z]W>m,"e`pHrem#/@Z!Xp@
O)8OZf<DwKQ|()Ec3B""Wo]gQ6u",Twvy,false
"v:GBHCZK 'FD-;EW.c`}uB,SED_DhWPcE^%iV_bF*iP6Gk","+SdYP1;,.LWTm-7EfdgUV:b","#S@YG7,uc?T.c/')|.Qo5a{|",false
"U24\-oO?zN7:,:|h$[3",T4 d+<!e,"=	(V5L8PesEb=KMY#j;e}bL""p%]wI;^,)Nn",false
"whSw.}?NaMk&tD~io=F@8{,eM?y!P@B;=aI4 J /]R.j)0Zl","	-]f*>""pv1{S_Xz5oK:^fF;9-hD|.teoTre*6rHW#%6,zo/(",$C-xu`_nNT-}@CTB7Sx<;9SmbD<g-GBn}vR%Ba9,false
"g["">-THB*f{!Fl5s
w]'&O7/
o<7","-
&yJIp_`HfS7mS""wbIr4O-J1&JqPz>my2q","<,1lzacFFm7;]oR_I LmV3rg>;~C<2r_-N+$;j[7Jq2h",true
:lMcKJS@lLQHufm5+,Cs6~a7?	J(BNzH6jAyB[Ap]2N,HI~XcT8zb5@wySd^4~~,false
" c`
7`9#oi8gV{n&",Vc|Ee5tRoX>V[vOTZPQCI7?:,|/wpS}`mupYd{X-wY`8OHBmO!mjE~,true
"lSCk1mJe]s~)J5vWx;,h""{jK>DD",Rh$C !]ccq~T#WhbF+Q0:pq^Cm\<]]TOch2<lW^ylo,"t~`02#	5UB s>ftF)_0L,Po:)go;{3",false
,i'k|B=A->y!Vu,"`gwI>5HTGa13makeA:e sp9ttjB7H'
+ArDYmQr,S.",true
"p*=`qkF@yELGbN%(B0cE""PZ76HO6q""DnnzOc Dd]a_[aY=F",DNE,DX,false
'$ yG,;YN?(n&f_K&_io=dsRfkVswyplsA4YDIPy}~,zusHm$KgKHaUL	4!HXw(iGtOO[3g,false
F:|,"8YDWl)K$Qx3p:OU>$_Ye}8t{B''RFlY""9Ss*Xkl3)","G7r""A;MYodb5UE).q!FG4Vj%+pVr",false
_4iHO|kCvuFeaVLUqk/,h*2tU	<63C4(|pQ$(Zy_bt[ly\5<~0L,"g4HO.a
lrZQ""U5:=",false
"O7
w\_	8UZYz/j,Sy*JU5C]@WO#&8sdK/X"";8&\Zz|I","e,.s;z9~4d=""KZA&^XEMPw<HE'","hw(4OKPrVm?2O{^w)z6C^jTuIL<""syEI9#4<t!^7f+3z@f",false
"~wtWYV(/	J-UZRRFtTmsHSU
45eqd",ulJe V ER4AlKEK$>(Is,q.bA!nRpb{[Cj#CN~9GFh&|*PISQXmUI{cq~H&F=saT,false
"k=(""@ 	A#d3-~<!y!-r2`rz&F`E/H1Wjt+64k",X(>rO@X'!SLD{k<5$R	 mh&>]s,kE4eA@_]bQNZKDu1Y}r	bjB({f3=&j 6(Wv$H$u7lH%E,false
y&ms1.bX[^0s:(:p}Ph+(/W4w2AJdz,_ojF	1M0OG18`A\D	m},L~NCn}f|4)F(k{,false
"[oO5NA T""6;J-jlN&h[YT2=SbG5X$wYA","*\(!.[`Q5Z!TCg{w		_^vg^+,",+ACj=C,false
r{9BXK4=+9?.o!L![hUKah-fK!\hYA[KJYI,"
t>","$~k()ex&C
W
UpZbC|9T{sIjo^Wi+Gh,f",false
" S'xd)""hl_U""2`/t48L,%NG!s<&Dz(rZ3W0JFU""OY'+KE[Z{5","RHh^TnQsky."" E^-Mlz&!a_",}XmDbX%I\OtRnpsJ$--9f1!{d,false
"z|KVv+W$k|JJ.p\/Z4q6xqvB`9r.Q3Uw$)
y w","$bMyBVq*#WEd|U_0""-kJDNzY=&W<0]0+%cwS/d@#`1/",PnBy,false
De46ip$?48T@$]JZ[vT9D;@_)QMbU1E_d[@x,"ww7lyCEPbC7X2rpSPro0X<Mep:P&|eR}
fe	=0Q)","wf9z@il.hOo\b%(bm]bUtCv=.G>	
bG[U",false
|v-,"Qg^Ju'N%ChY.""uKXzz60*UuR
hajLoM8K#D*xsnFXK",'jtq:m`DD,false
Zy(dJY$d1fM87mjtC)&,;X?YkyN/g9%S 1,MLzsS~kwlQ1u(,false
"z(*n=1MEr7wuKLtb,(,U",N,O8L&O#-Kx+~l,false
"z/:`0G>4#6c(mKCOR{F~?O""dpD96M&~8g@Gfs ",g+ 7^~uDZ7u`1O0NhJMmi;,NR/m:,false
aB@/sgV	V|$c#!>mLW;`q+}/ zN;LHG0outq,,"i\:tKYx(yJj_l;zWDkq8kE5T<<qzBb\FE8m[j?_D
oY""=cv",false
"#:Vm{oA[""-~5=S*0",r[,p7,false
"Pm{IF@.\Dz6|3>,_kf","]cd<]}7I zoT{?zCcx.hFc\!m@]_D
Dm
jdS6",y9Cp0	gH\'|cC,false
!-- m3&/1)rT}HUCf4jK'va,9h6@Dy\>+f@u`IV? |>o:rT0uV$37SoL\!U{$_,"*=$L3Y2}C|7uH
>V0|R?4%g?p` $p|}?R%Q+x1f+OU1S",true
=Im4Sxqd,"*phAWprJpFxYQAbC<A'
v<3","""jf2bC=&
.4; 5&`:@-Ht-+,%",true
L[4P~h1~:S=)Meu.RoOh(,<Nc0]l{,"a2""Q~r&",false
"M'+1	#Q 2]6r""kbb""'OO_bht^[yF+3`",] ;p{pRK)<dz,"JB&	>pn5P)`7ZvK&t.&3&9XMOc2{+^j-""? GsX",false
"U{p
.hMq^DqouyN^E8Som[WXZYSV#Nj\}m`70#I>i<RVY",D6dhr:\~%_d6vetG^mq`qmVvAzP8sAjTwHRc-,j-F<szrd'J|#dqW~G(|'@;58PK&x;1?$q,false
"qGD)S$<u8vh;H<\~}-DPIhuGl7TS7C=_4NR6S~ Q'd"",{_H","DkM_	H.w""6!{X9D&Ag&,[1oxzrx1-d`J=Gf=,'$'","o|y#MySlnYlE|yJIi,%",false
y$/n_@E|of*Q/c gi!RJWt*3z%dp/(o,"gdrFzFY~,IMjKx
W	'`LK_In>vWQIjLt","V^1l6mulChE+`l
""VAd9AL*GtgHr",false
%zL?BSsej[XvRnM4+-vSqHH{CxasmQyPOOo},"Vv8h""4bcx:xMO7/B@y1""",r!RN=b5B7` t=NDKz6l@lz_\?,false
"uhPlR$DJFl$U0sW[b,Y-""%8(TL[\pjxq
&iIJh
P\g>^-f",-hlmEHz,"*j:B+O#m=b4tL]iq0>%Ql4=~JlF~-\, a_	P;([Q%",false
"vaN|S@WE9xTnuz
*Q|z@|n|Z3Gi]w@#G4rvAD.UdXCw{hxOL",KnW/VQEip37-q:mn3 KXc*,".D|S<nw9`R@""3a<]7v,y|`",false
"MvEn
cJ).\NesG8:)
~F?>Ey/G8!@&=+lxvx3J9","nfe%r0N)_c,BtUY<K@IHw!=$MsjuU-}AS""]CHY<=>=Ylfy^B""",Z/+AWDV<Q?abGsJ''B=o[2i!_-![|El/},false
1$*8(QXm|Nwo!|1Y ~LUF;#}&5zFDoN,"8R_,","WN,qQi\I6NK/H}7aL|.EALN|GRS",false
-g)')_I7`ShQO{9IM?]6rS`>#Y;v>EU)d&^=1]`e#HD,,=h&ft~8&S>cN{BD,false
/,9)+B,"nj6RXz):Fo"")SqS)d'&<MN",true
qa8lj0\D,"nJ
bX5T7n=X*mxtA9a:+d`#z8>seq`g7JoHWknS,AF",">{w,3G}3kzwEf2[hblB~{a#n99&_t""iU",false
")e@6Xi3Z	FB	,","g??Bh7+zcAAVlEetmFPR Uub_""/I|?E)ZzqOj1","o,",false
"Z3O]|uDT17.Z3aeS:""",>,"/Evs
7Fa &A5L",false
"g,V;y-R","JKmr`vL;1,<a/sS(s[Mq[,G$",!yq%n,false
\x_Q%kL$X#p(,">MPf#d#^Iic^&7{9;\?q@)M6H;DG,F54Z*jbV>)!9@HW:Av","h=0Bj""a<ZPHZce=GUs!",false
r;h&HjVwm=t%2\}}$LFmD1.[I_x4zc,GZXM4'|(T(,a)4,false
?2TI3SgAP~1&[yzcLgi@Y:dYOG,|Q0w*R!6*]~h5*'0!R8Cjn a+Bf85edHLO4HW7*qCPJB&,<#?~&i^SOW`>!0a4nU&RrI*Sk|oTm,false
NSK1VR_j=-+kCF{wL`HW[9GdSI{E~G,E(:hoM+Yw:F)v ?6Ft4,"s:HIi$bRQ8;/csolkrT
O}'	ImzNuj~#x",false
"E>XpVAmju]yA,~=#ti6o\_f*;6:9LT[MMk@z	",z6G<\gdpX>UrLpK|$I#!Q2z//f5q\g:F|,nYes$jY!4`@E]PkE*)6\{kdY;[aZFET=,false
"> %kSE\$I|_ODEC*#@FKI,	I0[",LzwT,"8hvDwB([{DEk-@d9Q3p
%ZT!*38Y
",false
/4,Zy#kT3T<Hw]FbB5VR}tlqag}z:PpA,"RoaK<Kjy@BwB])x!
rmBOd-~DCJFk1F.n$B& usz%u{A Hi",true
"Ak]V$Vt6n	pwJ	zuI\~2GbYb-U2JDQr+g
","]_wkkqm;'_^b@H@rkDUAt$aa-tDbAi{""b","g*mt}zu""cy%&Yt{vjgC@>w:`^wAd"")5FKX>;X",false
"$7,",BHH+cILG&)_;	Wr#;W?Y,"]h'
Q1LE,N6",false
~t@PbO}CbVy_j01	mq45sB_1oz$H2,7M.`0dd[{\{Sl~pJTZ-S3mp`ofRCGr'1KB5?nvh+m,NF-xd=j|d+7GP~)-pjUt>8RSvkQH_Mt,false
".1
c+q9KtN'b9D(gQF3*6TuHjE+UQjTs7b\Lkl\-#oP=17yo2",ooSf60aWWmkz7B'.Re:u`2GY9hxnV*k~cm+4tU,Z6Nnp<Adk^O%&w6KDg`[GYf+>pFdnY4W,false
=RraeL<QOP18B#dn?%7cS!CJ= p,"MN41/+ gq5IOuC-qO\P@{s5B2Wyo'A>J,71/xB&>'[.	H%","3:MqWlj&3ZkMp9,J?2%ru#x[+@\Zip,CZ?xB<%c+?KwF",false
p1,"*K9r.*1!#}q\M+wn
czSeve}	)b8[Iq![:geq",iF.eVX{!y}|at,false
"y""3bYoUZD!Q%\S;z{S@$v.$,.KO#T%w3i>a,lmT","k\TNm+B7(8y<%+vctz9Rab4&j}B9(o/""","*t@9S am
} a",false
"Q_dP>ZT'1Qv[#_y!u86
FqxvZhN|W:-G5l,H$OjfT0",Mt=*w`r>|`o<zF!}S)19>7%l	MFOm)hx\@tO:!54C&MB	,iw?6S,false
"E-e%r1 xut,)nBlG<,Qt!#:b-D7{f\++ (M0%H8",h'$pV37P),Ud$0\Y<.Jc8F^YM2t'Qu@fD,false
R26 '(\{i-2+r![DP^&|R=;nP<G1Z,])m.h$_'b[)5i|d%079!F</#,"g<$0hk`!%W9nmyBM_&&KXr4$ 
]//CA^4j_+jv2x`L",false
"bYc@auT)D`ss]/,Woq)Bb|}R$YhrV\yelQ=0qlEw?Zna","&r5zs[5L0#fe#e8E~&bP.<U1p'""aDpctKC",	+,false
"6j^01H6}g~#R6EyV
v
8k%=qpcEkV)dP9vMl* MC+,",:$#<\^,}|j	>vWB<,false
"PNutc(xqf`'{4? VwjQn=B=S~VJ,s;xqt>[:j](
\2e]:/",:	7bI!,9t0|:l~1}iO6HT9FfS,false
"&),V*isy","Z%tm48,:54W9",@; xV3BJ]5|b4*U.n2SQx.zL~}P%W fW,true
 ]-G^TQ/zYsGA.{L.6n~0wWSqB:UmGij-y{f[,Czh,&eX:?Iuby)Cykk0{N,false
"Wd])/,""k:1b\YjluzSS4p|","#7zct7RO,748C""Uk6du4po#j8{UYQJ(i""G/wH3	MHeok 29",@:$@/-;qKKwt/E|^<|H}ex>8x?#6Yld=~V-_MZI,false
"N2
M.e<)(SZ^VOp.*}/V?#]D9@YHCM""",35#r.wsskEZUk'<g,v>dc^;J$UyGgBo,false
"VDb$w{Au:,P|&h(qF6n\U0yrKF! s5|&",*,nETH6aPdBsyR'wLk6!QN@%7V?'taFPcAJ8hVw0/I[,false
s|wx4>KA,"PYDmR5@@+`A""e;TA#bi",5,false
s-6~VYW)I?9Yq!6kc`b9+5	I/Cz?Nf;R]HpaJ9Y,\55M=B<QNK{4O->Kyb%l-,B8`-24OL.&<or,false
"g +M%N;ec=24&?v
f1h)#jf}",kAivbz&I-Sq%rk'5l^JScdlEIC$*Bh<Xy.]<P<~-[?2,*#!Bw^KMb&hr$,false
"ubD	(Lmf""cw[x05#%x2~&-aXh=*zF`!#p0",6\s	p{C(s'b[TQy/2		,m,false
#A ajn18{]]wL}%U,"pY$y'3A:%&B8,K4*>e|qP>",";.xg)%dOX)}2cS{66Cc|9)P,a	x@fPTj^3$
:",true
"+cw0}kc,C4kh.v;_YSE1~JWG-sZ","56_W}""=d9NS)
/9S$",8%.WgcLKP+/m-Sk,false
"H
wSKv/\4C%LTqHb'g>R)sK`+}&*v:",a2[DS-}T*;FUPIwISPdk3lwL),"V+W'*-2XczPY0'nPuc`'24##6qP""m_b",false
biBlO(ja_)7+7qvK4'_,ql^y&s`GBAG|(_M1c}Q9sWY}r~('7tR	`t`)h3hK_J8]ky,jR9>,false
&<.[z<$cqBW.'_(,0d8Bf2)\st&}^?UZ2P4J%/B+}=cC$nV&=Y.cExR'PV0	1 ,j23lr/?lmR)3lp,false
"<9J5L	64I]jikR?tc@Oz2<[cgE77,(K#hTUVZ1",!{P(--$ZjR-Tc#Lh,/js,false
"}f}@F
AfSLXfQu>
v\tx$_ FBRe`1B%?[","3SQaZ|D""6l[KVs^
F",zO;Rvh FX'XEicpU`(ue[G:d7.%:,false
"-|gl3fdu|E5@J[_dF[KE =urB
yG+^2 M93q@=i]1$)]u",Rg|H^d#6,CVr'0Gwj#,false
.,[pC>3rbX;QKb9-,"mV`Ka3yKELb-Nv59h{#'?w
Q}Ft`uJmsWv[qis+wswLr(8p",true
"
+`:$CH7AXK1_PsZGI*^FmDc:qV}*Ya`3(GO8z ","zleeXpE897;/nDx|yxsR,6!9IWXs$zkLM{b7","*tg1=bZT7@o.lAO)i7[vpxVJowCJ8,~+&\oE",false
m=u_s0CX5)E:o<L6JhTbG'aw,ex6C^g_iwYhx]S&+.Dd.:wba>6xK:H/+_q9[$ZAYQJnI2^J)B,"O}r'K#3kLL$ w)C]D""Scv0A=rh9s(E9vh1o9?4x",false
d,"CcKO|n5XRQm?Tin/tWG$	=YLxpp
)L\1|z5sLi@",s=sn,false
}+V%&#|Y:3pynSR+VIAh1CJ=4V{Pur,}}IbMRkhD].%vT,"<K""0 $]oE.$o>~'9` _R99R<&&EJwLHcq*ZKl6eI:[4JX8)",false
"/=qd""@gO+J:=""}hEY/'51!	m$V3y&iD|c=USL@5yIPOF)[","kcw;O)hVo,U","y:c<`>KwWS-Kempg&6P@N""|_*wR7cq@Isv_Gvb	OJ",false
%*dbs5Q$wWpYXu\:AUN>-Av|nGET86E5,`NS-SeT1yXwE;t~)cZfuQl7@1N f9F5,s][`hnh`/9T#Ux=xY]de[{Lo,false
./&p$F(o8,_XEyc{'-$%cv`#fh}(JqZ)5-\Tr,d!?*#b,false
"7d<%@JP{j4t}eM ]k ;v	Dh""6x?Z2B3MX0^",z^5fsH:54hx_?1\Cp,OTy-aQE}DD4.`?DJV|CW	8'h#ltyA7.5yLU8,false
"I@\Y|}VNl?yz45 T$=.W""{^r3u<""VXtSGh""#z2IA6CT:",1}iCKA@	Pl0pTtOGVMSv.-/$[(Ou%A5[PjW35),"nP""0G!phii
kT
fDsW$)xEc4VN|",false
"e-aY>()RZ{|?EHa7h.h{2u}^},~I""(U","S?.\qO:U``tw(|^aR5W+,JD*; ~bbf-m,402f4#g/","/*~
{.5U`""+@Pz{P7+#}<bYN_
F]JNbMe<;4",false
"(l}]:]2>GG[qEg;PkdD$sQ,|2hpVGVw!#^}uV-Wl~9-,s1jQo","Isiwb(|.jRvc?!RF:`@IT*.871Rpo)/f0Da(\=N,","ipFtrk)7+0PWP6""+u1#2",false
"v!J
VH^[GHk/FS0ou",Pfoq	fECvp{Dfk0G3@?>.Akl,"wf:{}c\0
A`t<q$!>",false
E N2S,\<Z5T_GA/~_B\2_'8w$Qw*'?C,"lFSv2wCQBB""",false
_;F#zNbATFlv)zROR\hm<JL!ql9,"z(67!qoav,Dg1@`vph=:""N;",F+t1sTsic=rp_t^}Mqi|,false
"@)U17
DQ'`X!Yq&=,	v YP_F",vrthwH@UHTO\rmm+&)%4Uk1|Jzx5:w.QJT|7aI*01,"TH$wbQab\-sa82uLIK8""Zq",false
?,"Lpv6JDQZ_pd($#6oB41UQN#N+:9l#
[Zvx22*^!K","@+X8S0|B|9
UQ{j#6DXZT'0@U5:9mc|j~$=@PRX'Nk",true
"2(""(S-k=&C~A",8sG?MULd/ sG#V`6SuJL,>HJ:U+,false
"U-!G6LUY
g}eufLXQ}<[@
J|%Z.'#eaz-q& %Buva",h2{\VhD,$jx,false
">
Y&",M w6`?rAv>2~MfWvNe&jOfza3&1&'cc3 b/6^Vye{,@7+@H*O[dX^lKM*p$^8DtG^,false
uh&7*,"LZMgft@^@d!+%R<oWEhgqZ;\:bPT
,S><A7&",YL>VA,false
"!].^T6_q|""OUm4'>?1&)45('#[$>@&gA+7L>KQ*?={E",iox0SI*#'R,g?!degf`3[}a9U\Wwfh^i-*OgI9We2Jc(uLDEGw\S,false
"gKLYhRZ,,I`!	br[kt7@",,"mj*<HIhKkQ/Pv8$mcHWxv7I;~[+>
6",false
"hmWlOGL&^~u@R?t1&/F]F;WL
QQR","VfW/*LzT'#7lzUb>+"":*mPm5L	_5*88<Tma)[D/J:0","Op'E 'Ki&_1M6 /D27LOfhH^=,L^
N8/~
KD* ;%#",false
DG%E{_'K,%Ib0~XaFT6z`jQ[7R{ ~bkZJP_6pn~GXNU?@EN4`6E `,9x-La}eZK,false
Y~w}NNBo!9S61/HH~P<Wp:Va{	?F\_`8g+Tu!,mDN=-'_I4Av,"Y1ZW<ar$
{x5 
	p",false
"qPv~QR+HO9*FML8
rdw?lrsk	{CWgzYlb[zA_	b5Fh794","]e{
r/\PlnV?IJM{W#""=NV7vRx",1v@X?lsi,false
Y1=/_N:y.A9ps7/m^Hhg_}*`/D<3f,)H?15l#F%;,c&k<7/p=Kh$5	@c)'X{#Hzn4lK}It2Vi.49,false
`4@UEpO4f9h;j:Prid1(7FtIG#1p/fljvPxV n=wE,"
nIu#7A)?K?)%7v-/
_&EH[6*}c^'",gtks:-f=nJ4G;rroS*y't#	`$[6w[qU,false
"jlb9t)Jk_KNHf""vPa$	q9m)(+xo3CW1.q>wo!u",9 fjra8hT0Wfig<~#\yRqCLCWB'wka_r:za1>}.L#o\Y03oc,"TEIk,IpIV/NS""}iDncO	z-=",false
)rWG_H/7|p6d,1,"UE""?Gb_Bbgg:6Z	otdQaf6Bxer&Uz}[r^ny^<TGJl|",false
"BsS?`k	C
@Me9%s0 #*&A5(tO3-2'mZZ[",_=h{nQkY?GWj6%4mS0E|xp2nuneB)u_hW /zxCS)OJP,=fCq]6?kui={KrG:ev|7Wr4r?b;tF.cAeE]V&@ $GWi82.,true
[WmHRwE,/&R:-`7Q >e9dKy)'Wm^,"V@dP9Cn
OB?V-	\%~*LSEG<	OwX/c(F2{2TEX",true
"@/SHC7
?4","kEiQ<R
%}hR]9wl
6FI>K[yy'd:31$	+YGR8""!d]yid",.,false
"k|\Ul%')L,DP**?(K/@-NPs<)u9zvrW)",",Bgv03+'.k(mH]Cw0Lq1_	e-","q}tN*lI) ,5Wz'7L9v2u<]",false
"lMO4dt;a&+fJ5T,.2mui",K<b7-}/iDP1xU,8QUqE'vs]^`#u<'3o9KHMulbh@6^X,false
"&`|W}.XE2Uq""/(9FNphz5{r",|,CRL9~~;n0thYR:i:&bc'{%?*6;qy^w=u)Kydv{c:^,false
sY&Qr'8ZYxHOYZ*	xU^:Y6aew8<,L>`%ca,",Z/:Y5;y1jii*O""?U$mul[yR!+XN@S""",false
"&C, K(p","ZVqH;g.2{0o|or	#:1nL.t]CXywQqS;'BL@ZQ""8j-2CiV5","W@oq_H~s~7	[Q""tIM_^~>P[6vqP	J8FoWZ>O<S]dg`e
!|",false
"|Z*/	m0~S<azvq""hl;64{xU}-^/z2Z` juS;]",}\[6	@($B i'T!p9fXbSJZ,0; [+F>DoCL^}c5*`8t%X&SMnAlWRX=67:\riu^,false
"Ig;""`n=S=sB	35f3s`%aP(Ep{tA'xF",":SiN53YQO%m3p0@`ZNw!ilRPe&UQ
[;}k	_X>cFE,M9,eR<2",AgR57Ppb(5yjk:=lN/gXQ)qb)tAD=}eW,false
"aa9u>q:L0}@j6i5~4hEMDy4wxQF)j,Og0!QWc,|[R\/[|R
N",j	nC[2X,R,false
}jpVV#vs |WgOv uMPvPdWGe8[RSnhZ22:fz3&VO;jm?8#;,"6Aq'V
vQDfXFc'mi90PCGe",qnd0Pvc?]4FDlx(JY,false
"	wL@?^4'8r.f(@?UzL?W%
J?HXJU\~_\",!=-WM_}R92VK`F4p#%KCh#mGQsJ&7aeRt57	,^SP/|n+;ZFs#s6x-)9>j@G{|m`i$6p,false
Bt,"SJm*'S/%;mcrsW#&M\
0Q,w","&2GBRGcwgq$S""If$#r:${YRbui)Lh#WFNlq
:",true
_Q`n=yN.\c!:jO3dy[ uR:}X$rHP,"]V= BPXK-^glg""r*oL~=d'-N","XX\kU'Q/GKb/n|ml%7""s
7;<;5""*p*R-U'[9.8o",false
!GxO`{FvQIbM<gDR1ECJOJC7bp9v7,' 2V,HC$cBZ>B}v;82e_rHmn|Ep[%h8x,false
Dq2z@	KkwN,"\ebjPd""2""ZhbyYB:~TUYn@9""f,>j@U2#( D",";\zlT\Mh<Eq/`- Vds&""[;",false
5C^5;WV !3)=ft|c_c~j}#_;F42E0uLT,"jT""E>oVmP	E\7C""|j\:	",#]n?'3CG,false
",ez~HM(Gnd?:X]E^uYW",cq=:s`}Qhy!47g{vZauAUPzs@y:[Zu9,t@v$O,false
?r`2tLzlIa=z*L32t>c~S}],b}G2{sd^!`Q\A*dVR,"?""]SV)""	d",false
4b{w,3v,I9HZas-tK!i^n;SDKdk,false
n+k9f;5cbr;/+??a}'Dq$,8yHqxN,"xrPb""U;?7<f,87%EHVni""G3H
M\ul!#|O)-|aPsD>?",false
|Ph;GC(e(@n(rA${SSHg>xIm2$,"y}I-KW3VTh)#,Q|?","~f/TN6.qz*OD},O#85Q/6}|
6,!eaV`,K\IlejX",false
'#IY-?NY*S(n<XblB1OI:XWjTlc$8,">.""@U9u^8_Y7 >-czks6"," -/B|+O
/.y2C#0B|m6&n_""s2	fhF",false
iGVk	M,"qo7^U(Ks
-K0vx/><2ueRy$F/F|kb{qBQyZx;0p","D,w-	8,Mb\{.Lt]HRR{wTf\=M50iS	Po,",false
"Yu/6r~2Akm1tiF@MyEAEH@w}qO70lu4\nu)
e)h`u",7z+8WG\bR_&5g%4M&SJ^uty^Pb'$],"+""i`A9_NiSA",false
"&>[V_1$*8Jnn?A
g[m&/V@X<W(@@/",":TZpsL+',{ue5QE*@!sP4*P-}e4y,u",X,false
}?r[$'A&;3L86-w!6peYKUixxoTP'Pv.99[.+o?LGxJ+A+e,"`_PowY2K3eb`;lgD/muc3dT[>QcmfI
x","g_l$aARg6}`&]Zv& =tbz\S!_Kg}xZ~bntL""qfR+v{g+yC",false
" Ni='}.;>xbNa2SNqy[ES""-*nnyv={O(l/&&CC-42e=TCNg]","G(A	<Sx,Ao';ZJ*k}Mc24N]fPQj}:VQQ\`4![	`i`#?-G)","K,{(TvQ3<v_0AT",false
">IGC!f+J,7U|M39
&z
dWuOE24WY0","@VH#=v2R:ILSLobGTw In>Of
",ph)xn<#yUmskgGCg>b+?o%p,false
"sJeJgoSj'2P$]5XkqpdS5
aDTRM60$	tz% fMw!mz	2-I",?nl*;N<gEd2\%QM[V|>9zY5OjJg]71kXBT]zH90`~=e^,"l$OOH1X.ElgVwCRy	TP<wrt9<k/j;9~n-?#LNo`
>N?",false
"`2>7Z4w{;M!>FGT%ajO%sx7#Z6|&W;^3[l[
?dK^a)",r[; ~	/I%fWI^q`c,">wg-#+`=564iSn]hLr~4GDiVCl
Xd)n>M!`*aq;#LCr",false
"INv,3Lh9XI`Mzd]08f5om$fh
kz&Mhv022",,GJlk~c=b-0MXPh~AAn.X5CEghUvs#jK=WPY,false
YX$5`ajJ*y=ls$X~!Feu^YzG9o\Mnq,"fr>!i4Qcwr$mR~,#{BnyourN""Rt^:c`w	'so_ZoG","`m	5
^""kvq.eC7j;M7=nJ?E@@$q$wja&S	YTJU*KYl'cl%",true
"R/kT[f^Uzj_F6lC~?Nc<&pP`U11p
EB_OY~B'rf0r[C7~K",`}Xm^o	a#I7zYV9L1D=Xc	%ecpiX,)Cj)[0c@~Kws(%0,false
"'XMobL""(68#'""\p	s",<bxm{?X-wWXi	hGrReG[yGFFP#GNT<&0M\M.,"&j7kEa_N
8O`",false
"k[@7|`ATr%f
 =s\K	S-Y.C]pEe-!q/$*Hw-p","g""xzT284;V ~+~hA(EQGd`+C/SY=}%QYN'/",`6tX'kL~<2Vn(N2^@xEKk,false
"IBAE:#aF][""8>5jj>2<N7ukc lHfs:c8",".#u,n/
5 ,HM",?$pc)GX	JI!XdX#RJ$@jmj%'6e#9,false
"=f(?fF pC0{Oh7^k],P",(vI-OzAi^I-%,nWtf@tkRNA)htv4<(dg{\71vM`h=n@&,false
H-UbBe[19U]8]6shO,URq-q)e8Kex4N#h<)D{7e3uptCFuQXy,R{kI|oKT$CR%}yEXc3nLW7c	]K$}#0E,false
".PN;a
*]2%p2#8`lh;AmeHb5k'T7'A4j","""k0w5O!^Yr}P","
'}\
\""+[kFP)""]zx:ZP/sn0$& 1c5yq@~Me",false
@S0J,dxodBU}qe(a#zPHKd$Xwd,or	|j,false
"B
BY9Z{upVIS]`Ttz	{{ST;I+v?tg
N%FuAg4%,h",,"w[=i""+u~^|;`^ YnJXW	1lNb%=cp}mQRbhd)_\|21ZcD",false
da*j5dChnZR+qdr>>mJMUBMlV9 JH=pZ7Um4Y]Qlm)/wX	Wn,"H1FHvrqKS,9<",=:RXwq3O6+$ax~f\ kq6 12eT.A,false
R',l[H&H},"C&njjr,?uZcm-",true
"V%=9""/]Jv:>3IP f2S*]7B|","V""l|C{ZZRB+fyam<k;6R9!f",,false
"=	d(%Lx77Gvz>_<{UsLqbJ4,G>&cLIILgB.P",Kx>e,"Je5L&%LtD>5-8Q%yRh]S$CmLmkgb,&?GchMpk",false
[~'q4H@nkJ0]=Yi9JP[CK)pP<4I3.Q(UkOHT@r4O9A2f,"l4U!h y,Cd.Xrn(5
P(D-|)5*:P",!h!?d!	 w)cE<8q%<Dw,false
q5s0TVAV~#8Z:!]^IYD-ANNR:QR5aV7hssX6MH1\]),"qZ7{V+Jv1*mZsv=,w`DMC2$qF`W*N0B~^y!aX>W'lr\9""O","~5o{TH%P|fODIeHh&f
w",false
I,A>!rpC&H,]@mbDucx5--ka	\FwGiu\|Qn^p#*)9f3q:2Tx,true
"\$M$Y2-1p?Zsj$.B^I""d""qQT_YK2SWA}1jJFU3_-kgWm",&e0wBsoL[_hPn)@xx[jv\MwkhX0NEI,/!|iV@H)JvH_zG@j..ozZF\nAb:5:)uo5sWUj!pB76:L,false
"qD3?}D{b`Q#H	Jvz:0,7H2
a","Ufk%(X[F_1Q7""wFtwGJI+A_+~{t2B
NO7b\v/j3CD","AXw)w1zQBfZ^	_@;5J9]nPZ}{7?tfuVIS~u""0fPVmFO]	t"",",true
,"CSkHEbo`2>xE>MC(x~9h
'A&sV","XUJzFM1Bf""K-19hvb?2!K af(Ekfsw!xwC%",true
xui~,eDlwM@z;8)<k',!5,false
"1-V""2e`yTK$J^!2W6lt1?r$%Og-
BMY~
MmM","s( U4TC@
fK
s=EV j0Ri)^']`f(|MD54.	'y","NRUf1N<8?T*kqM
Z yglox",false
"L
>t'/m3&Ef743mRx\.,?L:1SFmpHJl","&`,zk(iQP^G?U{$aBO'%O(0=c.iRb]pUK!OI'U+n",n( /4swwqUXQrp&#]@,false
%,"n+X\[um8jVde^]]@,{7(bCpW1$ncD.xA1#Y@",7[oSHG@></cS$Y{8A,false
"9Uy%FG$H""K6v_I6X>4",9A,"}R|LDuf!.@:*$
'>fXC N=?am""jhMycVU^%'~yopV",false
/n{O[QL,N>j/>vfWj<;HdT=[XBbd>ZS{{|8P0xBdg,'U'^q,false
a5,{9Dmm, =f`&-gv@]gk,true
{$VL3oaq;v-)e-S#,"h""9tR	HuXEu'!<  L&Po5mN0~""(o\Q*)1DBF","=%D+Tg,hv=H1#ACP+YE@B*_BuTC.QI<f",false
"RPa[9ygiDjz[A0|Xcn?""m=Q{N%","?5Ndt[MwyGn!,rOEDz9Ge@	}[E1[K!""x",h(STydAL',false
bXa{	v,}?/xt(H1bR`\mJcn:;lb+8<I;W,"]F`u\FY""r}G*?::^}tE""RDSF63b1@gKi]%m/xB|",true
!!09Dflr::+c[%[,0O,.pfH(a-[{h8yo#=P u p@Kp?BuiY:sUU9,false
AmsZ3,"; ""=zZ7_N",5GdrRF)pZY%Y~3xqmGsF,true
EMk&lQ(1uJ_LoR`sOr>Vlc_skG+4K	n0,wS4US,"o|<yPsZ	zem+>mTw vbf
",false
"l'=dxr[`yFz\**{0D{zV5`3tj-<k%I%?/2""@(kS@u7a","$%$q#_=|&Fgs`|#k~&wc2v/sY~V,!;&s{Bp}|$W-wbXx","-;%;U*bo<wi;XbzSzYqFS{xIu>+WbkQoNAcI#6}
wlDe5
s",true
^,JP_R6=lVMv(g0/[4Bh$V!5,"_""(\]%o#i&&9<FF`W3UF0	F^goVwIn@wO^Lu&7#=qom4",true
l' MW.=,apF3?rX Ta`8i{p6 A|o~ (3J;CTrs`a.kD ,"O={iT=X	u(uE(
3G,h0ObV&aAANe",false
"~LVB_9&4H-""*e01""ULu:dscaTOKnS]'""-	QBp<gE_w|L{4Cy",aNwqV63XJ3$t{pYrM^{e9/1_;p!(uL5DSNJL_X^(Lz3a&,vlZeA6|*M}!\9&x\wzMUgWEpyoMa,false
"{6>nJ3ykUcc5|0[FGMMI(S	,P*{=_",LQ|\>LN?t-aa?e'L~I&	VC,"PS""X!bwUw8;1xjM7k%%$]AW-uHoND\*i",false
"@j7&N
r qya
64^2e|
25qjtW(3o0K3T",]X,"~,\sdP1*CE",false
?vzPwmaNK!r0rdc7`ROz?Y.^ Ds9n=Xv>1,QF3i(X0Unkgmlip7Sd,"pdw
#=VgI5vDG/]",false
"Q`upAibSHMTk5	EIVU(m<.0F)30JwL,Hn)-&-QDH
Ij@",(Ez5xSh`OQQ&<!&4Q^zQXU^,"Z#YcVuHp#u
2'A,EhN$;EHwh`E2KWOo#JK9Z@7'$M5Qr0Z",false
"|<2w/> 	'J!|uV4Y`wHkR`6Q 169-0	d`)y1#&~:N|^F,Fr1","gH1A&^d[V,pc*L+i)hu-sMU{Y-1X`#o{@;",;q(,false
\<D^(%C\ggeR~/Dzc]QMd>}kk/56MSPLsonq0,"FH	,|qTx8e/G9gy*?G2j[1LQi@EmV@",c2+SE5<%_9_TiE!9,false
"U++L_	nB'?#|;	n$i+$\z&M)""4n]tu4|v8p`RS*eM,rS@256j","Q0p
!%D|r$d{U`U<PHlJZNd3JXM#&#efZ;f?mVOi1{>.`u",j>buo,false
t5-zG},TnG4ezMEYDD-TL]%/+!v,"Z/esZI}AY%h|=i
?",false
"H(`!^:&hfVo*}N
2/+Ga^","IrL	2b`4}T,]y","sA
cCOXMz(ZVfBO,azCb(i)^k.(iKL=U%&Zwg/D?t",false
{kpNZxF0L	@8,"GVg/kA	SgKzhvh~g^+6plLw!2|h@so[Q,tr=tZC3Z##6qgNV","sGSLQDL\H,`D	Nyw8+3|FScw7p""&U<DCJVu)]B",false
>L}l6[vtZj(m_$)~u~uW,"rrfkEy]Xyob""(b]=E",@ $\@:2R('0W@,false
"wQ}X:Uj=d?T.Ej+o/9^(
""q$@\2>Ld\^;f M;Z
6","Taw_8J)2HQo0<^
dThvK&8 gJeip/"">=",xB	3>KhGj#yh:0Kd.z_(%9s&xjiW>]UP`thU%nHG#\;,false
"i*vPO,\5.A\:h_s9+""H>ak4j7nfvd	}>]>IWoNKlG:oD",(0_;jUy*s;vYrQ/X}wfg@0!U,aCZ?9VYE%WGv*-V?@M @/mn4,false
"P:0l%|Bgo	,[	g6b~1o,vl9/Rb
)znkP
f{Z55""F:",,"u#{HFcY(|eA ]BT&?FiZjzHWlSXt!$-4""S^z;D>,YkwPRkF~>",false
24CPQLi$W	sS@m,"KJ""JHw<0jN?&Q;A99-Eg)@Y.,RkV%F}$,)0","yE}^c+m76?Z;""Yj78p:4f&5D|B;r'Q7xHch_2`x7?R&e'~K",true
QE,K`v>g#O:zz@3,"+Io|cE*@*'Ze,rd{h}4",true
"i;J'6;,4?OEk5x8/K'4jo?P\","BRBBPVd,","@V\n-'zl]XdWoeR\tsKkc,,7:",false
L$spEx-p DwkJd]TU=-]O!L3:5('Z/9Kb[xO (!6.&sfU_4Y,"&%#/tukvSW%sh(>{x+0yD6iXO,rP`nH_]m&eI)*KR7o",+NWf-qr,false
RD-M,"f8i9cw+:<&5@S
k72w|Y ",TrV44xNZ[kx 0.Jq@,false
o2E6DbyZt.Z/1k,"=CGCb4<tT""O;]-
*Ec
4Ov[:l*:_k440f
>",n;LMs,false
QA?+*t#6=NMfFJ;UO!/Iq,"fE^%J#D{:T>LNagi).;qPXgqM0fw
A`ge#y2v*r IKrjz8E",]#_GblaH(y<8>hgU,false
"6\?~!yHI:%,-1pp>=cD:_~E3HM%id8pP","+U@45/E_nq!B*HnEV;f%Y=U
",MNBHJa>]<]5xJU*~'9*k{OZE9}G6~y1ik$:cSv@i/Q)UlZq,false
YLYG?.Jq\IW*R9Ib ;rxZ,E5sj2{#v=I[cb^N_]	b:s8'P^}~M>D-MecSUY2,"un@>a	_wAZ5}+xPlM;4|LlP@Ctw	5w~A5T
g1LcDLVL(b_",true
"tO5ZikB#8pvxK%<6U/b(	S<%'h
nl|V","B&ZKK1B&na@-81	aVO:X?<yn9U%GthTn0\PI@1-	31
gY*=z","lOi]dXH[y	n9JVT""[ 58y` #FA?c!%WA""",false
>^B~0%R#8avV^l,"~K^H>hh`&B[w?Npa#85R(k,lr!-d7 ?WVbb=Gx?+J5JI2I","g&z4nr<aaF~hq/nE1XD
'<d6Y[
ujj?",false
}1Z1))vIS*om+j6_FOW,!%Fcz(5U@}<ado|`mAf]!<UJGNPwa.X3+E`{dvf66OdEqIR,"j1,pGPG",false
/	i$(E,"Q@^wAX{G|]_<Nj[kyO (-;}""H1H!cQ;9&etS4qxf~Wy<n0e",vXk<q<2+@F^{vW(=Q]aKyTkV|+p@NEi;D Dn^,false
9 F\Y:<y'h(1W,1o\E	Zm<1^,-vh^yMW6Xe?IJ|,false
BjQD HMoTPr|`y,5/K&gQ(^aR>_uEX6YJ,"Wpt\qH{tl9x8O-j~+'3>XWO.K#
",true
P\, erYB_CFIMj+k@F	}7]3^1,"IwQ-4t/(cAkn|xQ~`Y6
TD?mt
sQ]]Rwnzsl\q#FWtuRK+",true
"0`|F_6#%A4""pU8K""E2llh]n:e>M
(S*Q\I",z'X^tJtIzQ3vPMV^gSzC,,false
"vT0h3Woln'10HwDg5E
J\ n%L^?;]]n^","u9w
h\\\6\>x[""uxO
rC|40,`^9-h	r68rS+n1B6","|^`/jFYY:# m8T)GfB>~q!1Vz
5.S\E :\vAD0e/Qo,?W9R.u",true
2]MBLxlriuDfho9XOHCs1&qsE<6%R,"7zue`w(d<,FCPW1BH.A_{,6~;	Jk]B,G/A\-[U@GOeRy7","fA	twgHtWX]+9>%)#YQSdjCy~E*+,",false
q_(N|TLIptL;,|sL,"1""hT",false
eZfaIAB:FyK[me;@5os)aLuCoFuKw5LxV}o5|x?0Wsa>J3,"ZI Bs%sM/e,TQHT+=F2e\u#TEP3|*",9dO+=r5;\\)wRV3db@M0LzWU~x3v-{j$9<c8_AX;z#*De@z,false
"Z<~_Ud)TEyMJ4f7=Ksj.
cuGmY'Mjtn^0{L;~b+",	uekqu`Qi$ct,7^.(/Ad1&N=$,false
ROsg-S%l1V:wo4_;]c^Y},\D?2(WDAe+V6:9~FL*_p<L	vdn@0,&7F~e,false
G ,E/@@9,"E^S?i
I>f(",true
EiZ/4m@Gg/U_`,BLK+)Imz{=%&I`L\,%tr!u.GSiFV4B+Lbf	 m]0y'c9iygmctU_nS0QmE3D]!h]|4,true
%Xq'a9fpk$$59btG)sk, Y![B-u,hIQMLRc8@eEf&,false
/CRyQVqPCe>+,sT<bd2Oe:cu~=%EWY+[BV6@njP4]KNP?9V~`#U:,"Lv{JAAM e\8	
5NeQRdu8596$I5*#d+Ou'kMJB'p",true
"s] ;QiD^S~YF%HH><54osgDUuL9TVd	h,0,_{:%*mwZs","FLNVGY;[*^,GK<(q>""]KAAI1","Y
iCQ$aK!2Iz_""hM=K!&",false
3He,I`]q	}pC~m2]!7N},1?(	))!OgW=XcE,false
T5LPlliy!-7{joUg[zf3_LSj|2ca}K,aGVn]MK!ph#WzOp;\Ha|,>QN>bim,false
!~d{@Ns2+iiq<$a@jXXg<QcOS0{,ii?u#=C,"0?&4LD9H3WGWk
UWx[A#b eX",false
G)SGbECp,"`n[T8L9P""9MR(.;Oldhx{hc)g`ejN,L%7c	4Y",`2aQ	1_Q(q$Z,false
iO&2W_($b:%,"{9tUJ1>/e3&6zE'P E/,Fi(Vex:'e6u6=w",(2MLL!@}gxHL`WZ2;)x%.oO3_3V{,false
"\fI($RREQqx|+X`` \ F&33	TS	N4&I
6M@S<r(&Md4.$","ghi""I[R",d,false
F!4#8T3P&PN.et%	oJw.b,"Ej%C^WDvc|KaM.KQVdDS=ov""Aqzn1uE^JNq2B+n0P`~!V9{","eLCpP#dh=G@Wn0
HZ,~U	n~e#BD|'sIR%TXAh<_Ezp",false
"`!08-=3Ll~:XTk({txHtGU-O1mw	1!~MjCb{.#,&jZU^",i)[Z*H`H:.D)~1}WqN-c<deR>)[	IT{bZ!Qq]8,"\#2\.|
!%qU_}",false
W(H`X],WY+N7Gz6:yrx.]1JdUG,,false
"O hXN\,2
]a,Hvr",B`Dwh`R{HCf>SXA?1TaE<^<b1}2|U$:$X.,"L*2-mS*C`/TVr2deD
fSV	<TE  F,HzWT*bh5YUQdZS",true
"""}!{*}	OTRth-fI|0}~JtsHxnoP",od*J:#\xY\cX]&TV/<4br\AyuQ>'Q_M22>AZ[EL'l4Je]5U:0,"
!I`x"":L",false
*34@)<=!jMCwoo<f0Xw:q]rjyM3,3K9nMsIUv8*O;vvF68^6.i,6!EUSM)S&5`40\dQ/c(ld$7n%\Z6bXr,false
"""_cGIN[8,#YO# [v`|.0[b</","5)M&P'$D&5.&c[
daUB5","JSKW0OC#4hvDYk/c
6C%r.?xy@W.qz\",false
HVLxflDz4i7#,"OL""oX6A+kfB6KKA}<VaiJQ3ZwYrjmUY.<	utO&X CRa7<hb",~N#MAD{O+pW0b4gz+wa%f+3x4	U|e.^iVB*^l~$@,false
$I~s<]3Yv97RCJ,(zrDPSmP/}L3',V,false
"j>Bo""AV_)RS!aZM6{ZH>:e*T@""??k722bh%+","=cuR
!X+Oy_ p","B|25k/FRo6cCDfQ
HQTO\C<(,C-Ake^5Zc""SG",false
Y~Lt?PPBB!a/noAdLJ[,"	>pO&vsyGQ.!X""ao_g0,]65Vqh@5""jI.yF'x>e{?%i16?",,false
"v!t=J.p4E,]""ON","}ttz*p
UI
<Cna{1MOS3HzrLUG?]'XQC8;.YlIyPvV2Fj0Lh\",a,false
,"_ ~8OSYS""iWRX6^by={y*nUB '",!EEzW#n\51O)x^\<Z5XQec9$pE[ KFqg2,true
"h3Av?B84	mqn-DK,Na`o\@CUFM}]8<ay	
#s$3>i$pR",e2.kmEu6&)YRZ%nf:YxJ9kPRjHPt[t^R8,"A;\I4L@-n""d'u5TUPAPn^spL6(	P+RCq&O)B.H?	+zBq./pp",false
"
<hyHe;#8Hee1$PmOa6ltV\M==TP+I(DHaX%QwNhgQ[c94Bx|","0_
aMqjUkg0}]O6jLJjj1Q[.V?AE\w""N3v1W<w",\HyM4>hC_8.,false
far9y~yWzSjB,"kg""01>.Oxkz'.4A^!8BUu5m
1B7aqMY""","fyQUL//E& t;/Z5
W`-/d%|vyS+87I^^a|y|S%^""i<",true
"+,F+F1>Kv2(l'5^","r:79,7{J%q6>!-$ Z_","J/j~9<SAc(&u:}U7 F""1w{Z/ydd<2S6s~&<Sr.|8EAMBq",true
RwJ&Jib2].5+(CQnXdcmh,"}HvMtK;A\
pVWk
\51NeJ)8ra!WL6rQ`P3{\Nl:amsm<",kpp_> *eeqQVyFW[YUrw<vgNuO>7@t\w@j2>o,false
fGart0n<;RrQng[T\BT$ `G9O>_[OiT`RcW`}G[(cM	^[,"6LpG9}qAK60{_5os9LP""d->M$lX|{a]1L9p	-?w$aJsn@W]vd",LTldt3	!t*7(n!}7?<R- TXJ1wH7f5F?J?~y,false
++m@9gG#bjBC8(,av|ST|v6}H0&S%HQHq-?$9'v%e59?X/7rq43_W[jl4p," d7K="">zZ_H}2<ycKU$,.04Xkc9a]~E1aZKg>ow)d9rS",true
"\-""d","oE-fLE;l{p""F",hn* j~Oq`pv[r|1T*G(dBWKX H(ksVj%92E@,true
"R*IIq
Q_vdDV,}*!]_uC5Eao%P\IS8T Ivn;1T$?v$0/0Q",y'M'P/,U[e@L?aO7+$X:^\scs+xU\x8g8iHj,false
lLh~7PFT&l)`eASVP#@$	?Nt#m,F-+ O+6c@$v(-LZG&v8:@=pOri_nXazJW,"Z
eu8`:o[)\kT[?""IWy~ytA$0{T&8R*7|epMQiE/-.R<e~\!-",true
.,C$pJ|gE6)G,"S
Bq&dkQ!",false
"K;=?J5BG>xi|PocL'#<,5,",,"c2p\R!:qLEA,~kX""}",false
p,k7ip!0]]whS!Cb\CAA11,"4&1r;!gg	AVz6L$p@%S&M<6u`eoRQm@yAS/Z3M""H-+6<<d",true
"e`@Na6V0~Q{bJ:47d|SUH'\Y W/i""t-KC0O","O]N 7 YPiEfRN)>qhg '/qp
R[}F5%PZRzUI
fY/x]j*hf#-K",]|i\v5Adt,false
47^,"-rj/b(Tc;{,9VE{",@V	PGjg1$o+d3{@4ObN@iSe@J! ,true
"BY[lii^=5
SmGknB~k8<N![ 9pNH","'WGF&t^5<|$9rVBX,1kts<Jd(#Md|",<fW,false
"y/A4!.lyWi[V!Qdq)8O.O3o)K+,B&1LE9$",icJ1d7Rvl2<,J ,false
Y#WNz}n]<~Z6Hid[XTQiHDoy{hSb~ab8/'?4%%Z'6j1Th4,Mht,".3Shv~O,rt$9)	&d^7$so",false
"X7,8:Fb]`#/(.@(f$	27- G.H#?1wa1*MuHl%?6bC\<ZZ?I9P","Q37,OH|>Xc,LmqIkt%g;;z%x6goo+lWSn[~!&(!`",mpU{z_q\*7//V&/'YiT%Jp}r[R;0# v2Z-h',false
S}zR)K/dX:n.!yeX>P^PRh[!;i`a=n|YQ-jGacGGI#~>r,FR6.+!u#kA/8\HfEsc9#B}|p,"V?wO5c%CJeG-]%;|hw.MRWrj[i8jO.X0Lw$@35ux~|g>:""'ZW",false
hyDxVrEgOmh\R^8$EH[#UE_,"#L_VD\^%o6{o{o~Y1`Fz1""2_azP)uG.z3ybU:K"""":iyqLYYI","O]}{/\ME`L@:3]B0T`i)t!iWMa""F{EwL(TP7	\WE<gB",false
4M5@\cST_X_3>Mc#{>G6nH/-TtF-%VA]Cz(87W,",3xAV",LJsjlL|c%JgsA]@s6?W\L4A~AdX#'&;qeK#,false
&{ga	WqpE=94o'7YtQHu}}E$+W>hxLWk,w6fM`!]i6oeMf,"kZgJuMc""JCw`MjjRd:}8NBJu*x-hCkq> ",false
"v PIJ>9c(~oOI?!
u<%]5/,Y8PgH^8/-uOYZwxmJf","#Um1xCHY$^'Wg~S
fBi|Plzei)\9>xN|,~.<[BA&d[&c)_%3[","fI_,.	+_ap!.BA~",false
"htm('<<j
ES2al]&`sGJbN(?v",]MHj;FgGeZn|^p1<7HR7euH/s_=K8my`x	L,"l,8]KsTYS1=e=7m2 kl_p S2#R]Jh-LS:],R!9kn[4'",true
"vNeMe,!z",QO?!f5,"U+l.]UFo""V[;+p|7",false
"9j:@UY7\|Tz?68u.9(}-YVggbOluor,!g
;QPc_rJ@b>	s>oN","Xgcdpr0M?Erj]wIrGx'CK#VjkXWwf`I6zCJh\nz$:,WK","@qu	r#&yfO3x$O11jW4#?=Ms,Rzfc]Z=O""	J/Yt",false
j1U]G?:b,\~/T/E.0x~./UWu!JZ34}f.TV9WNTZfMo8A,"{i'D\ L\lMI`h
6m02V",false
	S=Fg2LHx!'DRc<:b36N'J,"w{[nn
vk'm""x<D16%a@;fGIz1Hm_gRe#9#8OUJb\+Rz","zudd/8MR`0.}hX3i??XO)Gg()|aJ-&+a?na+`GxoKH,@w",true
"EYk
c\^Gq#;0YaIwW;*7r@8QYz&=nYvk7`UJ[aP=p>KJ4","W&I1xkXj_h|Jo![""lvjr%~F",YMNw*6yf^ZO/>=Y.E;<Gb5@ >r%g,false
KL)V+i0CQk].O_``Ey?\&,"#<!k""ABc;E[j	13Txh~%Qg_[	Em
Je5R.","NXkp<XA`%~		"".MN31XF+#T1`O(aI49__b(OM!3% w#[BqzF0",true
"( Ze+9c+E3V#<BR(g?h
P,5{.M","eL""~2jHyvfffeJb_vG""fL(P@f_/]RCkjN;h	9q-","kg+'w4,(u=7w8af1.9H<#4ag>SxZYC#yIDD.Vr})w",true
"05hiyqk^Q D
l","KDK|VVno\,Z/GZ5^MJEkK*U",^LE,false
hq;$w},"Y@p}wtI\meKp&geSO@1.jE""!eL(q|g0","~[E(kokkK7=D,e4",false
"8Y`,nWK%_#z$t=8w^Z?`9=_t3/H8n%a<6.39*PJ{,ci","%xIn]Jq@>/.
k;(3#KO9",^]9s+T|f~3p.4,false
Toq\Lgl	(BBolIOby79kLO/Rz</%T,:RF+>.{]M~ s'CEd3X`@FWb@RCCY_D{,/3LGw=D\6px2l+4r ZE.Zqd.9.Vp2B/jg#d[|__8dvgxN32U?,true
etcrD <9#K7gR$_TV,Mo,LnAaY7smVI;}.5`VCZc&'M$qJAR{31dN5Xi<Ti,false
3ch[|_5_-vc)',o@;HHj<u,-4ULq+WyYZk/s(@aYTo879ySBy,false
"lOs9klkLtf
k|\sQ)v1XhNQr&YAF.Z-sPw4",*01)lb-b$8i(	D5U!W6Zf23'5ZB3[/p	JLv!AI0U;OO,L;wN64}B$,false
"
:2n\QW$9)G9!W%""1M$b",_qGc,"NO	
x*nmK?y%H",false
Zu$CKF3'L*,CNLqMv{`q1h(=tc+c8M,c(lLM@>0H;So)%07	7b/9gFwasuE~lj TlR0=,true
-[%}K,"<awx>@_{W>oJDi'Z[tyRp3QC=MQ kIAuN""eDYIN|__MaW;","TA`P[}7aL,WOJ~vjEct(q",false
"ES""@Szyzg",LoB@88^0n|uFB.%_;nz*~~9Q\	|-u)n:xsFRgv4{+,u}NP,false
"7^M^l ,:A'E\>|qhyt?&;&x[{_H""%~TYWl.U
8\BV-z",">P^v.(%i0F^Ba0Hgc1]2g>M`pIxyV@5rS'^[-,)%6|#;06+R",1b#IM+E9t5E)	V.R~eJTiXHK5m6>,false
]sE~#r@.w^,"~P@[z3:f/7#32<Y,aet/+xYJT?3j6""%24B!gPp}G",&d,false
mx,"oEd'F(E7ULyxbg_
TC3zk*L=r}?1z^P(+","
O~=(~w)USp^@SH|e@Vv[k@/`
k))\'k,2*U",true
"Kpx7MRQp#u~lUe[.2/)M?9""6S0z3EY.",_Krj)C5-$+e+nvvOL.T9Se_,"n(.[d'NJ~`jma>(kcg
	1I	F('Rnvai40o",false
"#;b{wnm3ECA|
l""AH>	,2|Su{6*'<~hGmGu",sw/BC}u(FD*k\w$e,q(orAgMPu@A4;P4qOwQfWBP;mS,false
*lqH~Ld0${^,"=@""#5Gg>#RlT_|[))CxF98U=""y#)","5
]/q:cpeXT,X%n.FQE,}mHYB,,H",false
/rE$&[Z0:bW?SjD$,C;~lJD[6|N}.tkgN3)@'n%Z{+*8c<04Ec5)i9MY,"!4.""Tt_?[OQvC)`4
O>CQjV",false
" Dzq+5usoyx^?
KD7[8>~",-u[?ZrDM7{KpScH6J)Y(UYKNy<m4+N18I,"+LY>>dF>.c\V
#q=~dOX/",false
";Y[zjtSM-h}]""q",p4SU&2b`F0UMN?lv~sw)xNw4InT=A(\:5Ie,-5LFt0x.w\v[KFHk\ 9.oNHWbcFJK^*,false
"?]y4V3M,@","V/-^d>I%N[~:y Z]IpYBm4T-
6of7_""o_V*/H6""ZR3","/uy_.
hPD<%spYw>lY/YJ[&1LdH6a?&3e>",false
"i~E\B,n!RA+?};WDiF.>1A'aB+LZ*h T`kXu{|mZM87E*G","us9&cP8I[d\ksv|{p>|=kY4fgwPbK
BO> ~;-fJ",_,false
8Mt#ek''kY-%mVi46z#	DS	y,1#M16F*t'#t|..y,",oE5.p 5Yml\q",false
2)XfcrvGM:@#C*&\Tm//,"MT(|E^oN('ng,1>2~l^EI^21",,false
J|d6:b!^m<~k7,c,"v1t!'3o'KKQQ;JBqgG,/,t>M:j fO!""n.G:V
v@Z@)",false
uVGrw7[_,"3mW""/@8+kj~O4/D;
","}_-7,YS_m]R$ 2kuKfrxd""K	_-%(PPnfg<|diKTe",true
X0yLc3z,<kWSFZ& uc(,"^Vd{jz\;l2Mx#6/6.0/OBE,Z|DGI4^Y",true
xipLHQi,"^p9 d&-dq8:J:Q-m8cX Ab&IU
[;>4	<X~tS:a='""L+.<c~yu","n""nkg&WIh",false
"_""0afkzH'8><6dCU80B%gC 

",V	.o,=m}'ED|Z~7<gQ_<t8$t,false
"M!Kz?y<S:F
8s*4'","	
_CS?VV.K!c433]<2AhVBh&2eTh[u`T","sJC(g4T|z$"":s0|L9$"")93^}v",false
"vdsLSg
5cXAo
SYD9v rC>)?tWLC?]>~;Me#>6||b'=""j~|",3nv[j5*)\L,"(0oR+fx}""$_/w""-jm?[>^pZ2(kLc{?`0I4.",false
";n&KfXF'6K>= \LeZqQbs""0}7<{a[ZxU$Wd#JDm(",Wk7,$Wr}K@@tcVh5>~4GPd2cAqQ1(1}9lb	o$,false
'Sp 2%8[9~,xK8:ZyTV&YTNA'Z%j-H,Q]uuY1LpXKa*Ez`fLr5UZe5/cI:N;IN`t3}HqMG-3qq6}X,true
"@oT>08pA&3U:0IHV:eD^))DQVrSkH%Dr._c}I""2M=tIR",8Z;)RXO;?13,":h_h
]fPc{p",false
"6Cm9)=hT$ph'GQQj""i`Z%
owEI$-tNAkPqBU:~W3!FnW`",]m0,"LX%UZbx%MaBV""pBbR/sQbu	G;+z1oE?\=njEYW5s",false
"OQ
BP","BvA#LTs""@dN/rg,,f4P!,GJ11:(Ys",~$MVVS,false
"WO{Dem.O|n""Pfli~ <nRBm+.1O
""(_?","T.\q]	!?
F`Cw|=;&","hi:k>Z:,xdB",false
"|Yht^>cU&ICFp|
h","D""SECPK59'Uig_lSfa/Um$A]*F2",^[;7Sfpu@,false
"q8MSC%Ic3q,12L^Ql+h82#i>)'{Hq ]]?:/B@vHLQ",Gq-*wmD1.=EI,"LA&&jxX+&P
",false
"E[Me1iOcm2,x~nS;7a<Hc",btUZXucNJ:~2=Eu3QLds`MywN{k,I+8Sa	z{Y6E*FCa^'66idt,false
$*,YL5O&eep|)hm0TC0J+}aDK{mX_5rl!J>z,I_ZTK!Fpj&rBWIQTCC7V)Kz5>Jtx..&,false
"3BQ:
d=kj]|([l/~^BR>Ycu6m#p",jSyyqL?LvU>Y8Ek,"p73fP,+2JR=$`Q5G&vw/.g3^wFja@tt8$cNcgvho(K",false
 TwSQ.p-vzd0B[sb2Bs(t>@	Vr=2I#;n8j,,"u}rT""IPs",false
"		DDO](""z	pJTW&`6",F1Qf7HP9P+m}sygw2mGm'8P(NBbp%l,,false
,\;<`7_)VADSbJ5Y@%<l]R3bS;|qEr@7|\uN(>{M0v2,".Mp)I);G(iDV6#N>B`^&r#t%x4\98a\XBE2^,6)Sdf",false
"jyw
","MT""}|?<kt}~tc@""T=c~\",Yj!	=tg+,false
''{Or1^K,8vH`&IEg:	7L5$G.W}?\ALUhMQ$th0oYs;V_2S[2}|,vMd/I@`C;Kw;:#ym'{xphYTF>m>m,false
;|PTfBYOGoNjjp)Z^g	P]/jeWR/',<;bkx_$b4: :GFghO+C1L<p=3O,qvCeZ+;M[`Bi-D3|GKxhBK,false
Gj^zvK~^3W#\uf^RkBhzuF<n.Tj;2,"Zb,P*zr""[#,cln#s(=#wocC(g;hW!G'WMT*v\wrB","z)hyg*8]%LRU<*hInv,EMv0`Fs>&Av
j",false
"p1};j37VE6[""
h.%""lCwqhb#W~2d:h?\d(}2~e2i","916\>XGJXff)un$q>KUK?
%%qd$HXEhHN%vC6s,PE?{",pSaT@,false
