train,
,
A,AA
!,!!!
 , 
*,*
	,	
"
","
"
"B
","BB
"
"

","

"
CD,CCDD
ef,eeff
!!,!!!!!!
q!,qq!!!
!R,!!!RR
!#,!!!#
@!,@!!!
!F!,!!!FF!!!
T$L,TT$LL
4ps,4ppss
q	 ,qq	 
!!!,!!!!!!!!!
i:!i:!i:!i:!i,ii:!!!ii:!!!ii:!!!ii:!!!ii
88888888888888888888,88888888888888888888
                    ,                    
ssssssssssssssssssss,ssssssssssssssssssssssssssssssssssssssss
!!!!!!!!!!!!!!!!!!!!,!!!!!!!!!!!!!!!!!!!!!!!!!!!!!!!!!!!!!!!!!!!!!!!!!!!!!!!!!!!!
Ha Ha Ha Ha Ha Ha Ha,HHaa HHaa HHaa HHaa HHaa HHaa HHaa
"x
y!x
y!x
y!x
y!x
y!","xx
yy!!!xx
yy!!!xx
yy!!!xx
yy!!!xx
yy!!!"
1!1!1!1!1!1!1!1!1!1!,1!!!1!!!1!!!1!!!1!!!1!!!1!!!1!!!1!!!1!!!
G5G5G5G5G5G5G5G5G5G5,GG5GG5GG5GG5GG5GG5GG5GG5GG5GG5
>_=]>_=]>_=]>_=]>_=],>_=]>_=]>_=]>_=]>_=]
k!!k!!k!!k!!k!!k!!k!,kk!!!!!!kk!!!!!!kk!!!!!!kk!!!!!!kk!!!!!!kk!!!!!!kk!!!
W:,WW:
rQf,rrQQff
@LI,@LLII
>~mOJwLenL3	]8H,>~mmOOJJwwLLeennLL3	]8HH
UI<I5=,UUII<II5=
9yJ=)S%K=z,9yyJJ=)SS%KK=zz
@V	nGc,@VV	nnGGcc
Ci|7,CCii|7
-*7AK74P1UM!tcg50e>X,-*7AAKK74PP1UUMM!!!ttccgg50ee>XX
?Eaja())ZsI,?EEaajjaa())ZZssII
"N
-
","NN
-
"
y7mi2g{|+,yy7mmii2gg{|+
C|VKEBt9J!6 +,CC|VVKKEEBBtt9JJ!!!6 +
m*%K,mm*%KK
Kw,KKww
`@k'jtyEL>Idxb,`@kk'jjttyyEELL>IIddxxbb
RI4[,RRII4[
ujx?	(D!XX6Af$D':,uujjxx?	(DD!!!XXXX6AAff$DD':
VJ6t,VVJJ6tt
Pbb<i/,PPbbbb<ii/
<>F8*{gU&Iw,<>FF8*{ggUU&IIww
xmOx08|~$1q0U),xxmmOOxx08|~$1qq0UU)
q,qq
RuFK$Fu,RRuuFFKK$FFuu
"
ZF&GY,xN3|gmj#","
ZZFF&GGYY,xxNN3|ggmmjj#"
wa!=5?RvG~f,wwaa!!!=5?RRvvGG~ff
.X&wrt1VLiRF_0],.XX&wwrrtt1VVLLiiRRFF_0]
.Wt@Vr_,.WWtt@VVrr_
$,$
_p:#RW2J,_pp:#RRWW2JJ
1!A(t-c%,1!!!AA(tt-cc%
L!2(=^c~tkrE8[;&-y`8,LL!!!2(=^cc~ttkkrrEE8[;&-yy`8
"b%R(1YO
oEWW@","bb%RR(1YYOO
ooEEWWWW@"
"8\

IQ7J+\hNQIn^7UO$","8\

IIQQ7JJ+\hhNNQQIInn^7UUOO$"
8M8G`5|8'=,8MM8GG`5|8'=
N8]b?DN,NN8]bb?DDNN
`UqzY0bvO(	_SA,`UUqqzzYY0bbvvOO(	_SSAA
VS=,VVSS=
"xI~5y]l1
","xxII~5yy]ll1
"
u(,uu(
t?R0kN2|%,tt?RR0kkNN2|%
+z>JbuaWEvh\t,+zz>JJbbuuaaWWEEvvhh\tt
"Z:}	yI,=@C^K<~uHcMU","ZZ:}	yyII,=@CC^KK<~uuHHccMMUU"
"#pJo!w
u","#ppJJoo!!!ww
uu"
4HPT_;VtDLL%95B,4HHPPTT_;VVttDDLLLL%95BB
wSnoje],wwSSnnoojjee]
"ZSy)8oX9A)q$<VH,_h)","ZZSSyy)8ooXX9AA)qq$<VVHH,_hh)"
)K; Cr!Do|F;KfX,)KK; CCrr!!!DDoo|FF;KKffXX
"Bs
""n!*~	Kl[#2","BBss
""nn!!!*~	KKll[#2"
"L9yCUgWG21A:^t]W
!E","LL9yyCCUUggWWGG21AA:^tt]WW
!!!EE"
KKa,KKKKaa
J#55{	,JJ#55{	
"iX+y_dKz	|F
 gs/$@~\","iiXX+yy_ddKKzz	|FF
 ggss/$@~\"
Z%~gyW|DDR6,ZZ%~ggyyWW|DDDDRR6
LTv,LLTTvv
u`TOUu!jH}JZR;qH7w,uu`TTOOUUuu!!!jjHH}JJZZRR;qqHH7ww
",~cm",",~ccmm"
"=1'z]eH
';:/!e5k=c","=1'zz]eeHH
';:/!!!ee5kk=cc"
LB@gwqS,LLBB@ggwwqqSS
s%`(4E7K*3IWYuTe(>,ss%`(4EE7KK*3IIWWYYuuTTee(>
y^`>KaTz,yy^`>KKaaTTzz
"2$Q@w7
|","2$QQ@ww7
|"
"x}[X	119`X$X
SZ,+6","xx}[XX	119`XX$XX
SSZZ,+6"
gV^y5;+2~+D=,ggVV^yy5;+2~+DD=
/X:AH{0@,/XX:AAHH{0@
xx0s,xxxx0ss
'~Km]ARh.T$~f=L7M,'~KKmm]AARRhh.TT$~ff=LL7MM
|6:I(%%NM@X,|6:II(%%NNMM@XX
test,
U2A	J% O,UU2AA	JJ% OO
"zjy K]yv*HsNkT""v}|","zzjjyy KK]yyvv*HHssNNkkTT""vv}|"
>0+~+;JfT,>0+~+;JJffTT
zC$y,zzCC$yy
vt#=07l\DNF6}n9^w,vvtt#=07ll\DDNNFF6}nn9^ww
0_ysuT#,0_yyssuuTT#
"3t[O S
_aD","3tt[OO SS
_aaDD"
"vs""ovrj?xKxjV@NLm2E","vvss""oovvrrjj?xxKKxxjjVV@NNLLmm2EE"
"6w)$NgE#,","6ww)$NNggEE#,"
"B+/_kE2HL""","BB+/_kkEE2HHLL"""
%pwx,%ppwwxx
;>ncH'=x+e$IH$zrZDfh,;>nnccHH'=xx+ee$IIHH$zzrrZZDDffhh
x`,xx`
 x(V#Mw^%\%IG</RM2c, xx(VV#MMww^%\%IIGG</RRMM2cc
hdM2h1~!-l,hhddMM2hh1~!!!-ll
",1WI(j>s(V
W1vD",",1WWII(jj>ss(VV
WW1vvDD"
9l^,9ll^
Db# <hhk6u[C&+zoSzg3,DDbb# <hhhhkk6uu[CC&+zzooSSzzgg3
p-#I.al,pp-#II.aall
"/i,BQxgJM$bs%M[&TkA","/ii,BBQQxxggJJMM$bbss%MM[&TTkkAA"
o&J9X,oo&JJ9XX
"""`scO!:9!`$XCq4}T#","""`ssccOO!!!:9!!!`$XXCCqq4}TT#"
R(Ca4NZ-~hGfQRK>\,RR(CCaa4NNZZ-~hhGGffQQRRKK>\
"
Qxt_RUeB?Jnk^;6!dj6","
QQxxtt_RRUUeeBB?JJnnkk^;6!!!ddjj6"
;d3^yvn!*]I#~~I,;dd3^yyvvnn!!!*]II#~~II
"
QRE3?[fWWc","
QQRREE3?[ffWWWWcc"
n,nn
"M)fp6
z +K{ixF","MM)ffpp6
zz +KK{iixxFF"
":@,q)]TkY8_7'",":@,qq)]TTkkYY8_7'"
P<,PP<
d+3b@ RYkl67=IbTJ,dd+3bb@ RRYYkkll67=IIbbTTJJ
QtvL/\I/[`Hkp,QQttvvLL/\II/[`HHkkpp
I,II
"@N*7afzMv""b,'9","@NN*7aaffzzMMvv""bb,'9"
4:J8$>@GF91,4:JJ8$>@GGFF91
-cYcL/'s,-ccYYccLL/'ss
26)<4+8@.U%~2<,26)<4+8@.UU%~2<
tp,ttpp
"6t25hBIuc-B+Dh,","6tt25hhBBIIuucc-BB+DDhh,"
"-sx? (2JUoVC~4	7""?b,","-ssxx? (2JJUUooVVCC~4	7""?bb,"
?T^*m#dQRJo?,?TT^*mm#ddQQRRJJoo?
 b4J, bb4JJ
Y+OSP,YY+OOSSPP
"RG]K2xN""","RRGG]KK2xxNN"""
|T&`]w0UUM,|TT&`]ww0UUUUMM
"bJ4~gmM&""`	","bbJJ4~ggmmMM&""`	"
]'d*,]'dd*
zhO7)HmCVJ}=,zzhhOO7)HHmmCCVVJJ}=
`5)Q8,`5)QQ8
}0I,}0II
= %$j:D!P,= %$jj:DD!!!PP
F~?WL =jN,FF~?WWLL =jjNN
""":&>9y3K\ j;3",""":&>9yy3KK\ jj;3"
~	C_(,~	CC_(
U\zL`:'1_C>a@g,UU\zzLL`:'1_CC>aa@gg
*3%:A\g&bmM,*3%:AA\gg&bbmmMM
]zs!%pTX!3VXEpE.lBa,]zzss!!!%ppTTXX!!!3VVXXEEppEE.llBBaa
@,@
@2}*jUs',@2}*jjUUss'
"q,6SL*pu%CykWw{jo$","qq,6SSLL*ppuu%CCyykkWWww{jjoo$"
"Vyd
jNpV<d7lso|5^3z","VVyydd
jjNNppVV<dd7llssoo|5^3zz"
"IU,U2""""","IIUU,UU2"""""
(qVH{t!5X_,(qqVVHH{tt!!!5XX_
"v
jrUc]z<","vv
jjrrUUcc]zz<"
L((|kOY&VKI@)(T`g2,LL((|kkOOYY&VVKKII@)(TT`gg2
(K8C~khSUo@,(KK8CC~kkhhSSUUoo@
]	6@(?Jg}CiEIZ+S&F0,]	6@(?JJgg}CCiiEEIIZZ+SS&FF0
TU3%	,TTUU3%	
d/'2p[WX[ ,dd/'2pp[WWXX[ 
#5Yw:N,#5YYww:NN
"vrj}hC
^ >^<nRh\J[k%","vvrrjj}hhCC
^ >^<nnRRhh\JJ[kk%"
	i v L@On|zW1GG,	ii vv LL@OOnn|zzWW1GGGG
DX[/G4\&n]DT*,DDXX[/GG4\&nn]DDTT*
_,_
23%^XOw6,23%^XXOOww6
l`e-e*m)J,ll`ee-ee*mm)JJ
&-gY>H\;y\')$1:L9,&-ggYY>HH\;yy\')$1:LL9
" 
(S MV41SZw]@ZTh5"," 
(SS MMVV41SSZZww]@ZZTThh5"
pFXo,ppFFXXoo
J>U,JJ>UU
89,89
awq+WY#A( ,aawwqq+WWYY#AA( 
Sahp5u~iX`1	Cj]iP[+,SSaahhpp5uu~iiXX`1	CCjj]iiPP[+
RWkc])$,RRWWkkcc])$
WLu,WWLLuu
uN/R<T6`Z6,uuNN/RR<TT6`ZZ6
\|w#I+,\|ww#II+
eT<S&T|I3w]X#+Uow?k,eeTT<SS&TT|II3ww]XX#+UUooww?kk
T8rH1D,TT8rrHH1DD
8RNm;zHdR{Vuy,8RRNNmm;zzHHddRR{VVuuyy
H=cnTMiUn;r[=uPf,HH=ccnnTTMMiiUUnn;rr[=uuPPff
W7hlg-,WW7hhllgg-
k0'%=A,kk0'%=AA
A1^?$M^Ktd}Zc=1q,AA1^?$MM^KKttdd}ZZcc=1qq
j,jj
n?*<,nn?*<
>ml[Ak,>mmll[AAkk
9!<PyJb&5*SKp,9!!!<PPyyJJbb&5*SSKKpp
"X-n6D=,$6.{KV,C","XX-nn6DD=,$6.{KKVV,CC"
V$oc,VV$oocc
"CUgnSM
?1-^gL` {'	","CCUUggnnSSMM
?1-^ggLL` {'	"
IM,IIMM
"RQN!Ii1`ui$ViV
o","RRQQNN!!!IIii1`uuii$VViiVV
oo"
WrcxHr]z,WWrrccxxHHrr]zz
-9CHi#\zkaV#P\	,-9CCHHii#\zzkkaaVV#PP\	
uND,uuNNDD
LJHB?HF#_^;},LLJJHHBB?HHFF#_^;}
"2M,pS,eAPrGX","2MM,ppSS,eeAAPPrrGGXX"
uP(eAw,uuPP(eeAAww
"k/J+@N""{n IUq65","kk/JJ+@NN""{nn IIUUqq65"
w',ww'
Z]s,ZZ]ss
ks:&.v jC<WgYjXm,kkss:&.vv jjCC<WWggYYjjXXmm
$FJxpOD,$FFJJxxppOODD
femkKBYl>^-p,ffeemmkkKKBBYYll>^-pp
H<`P|P<,HH<`PP|PP<
"z!`)QcCA
.I.5}]7","zz!!!`)QQccCCAA
.II.5}]7"
$giOkO[E,$ggiiOOkkOO[EE
(^1,(^1
"QpS^
2G","QQppSS^
2GG"
yN_Fhiy8%E!(,yyNN_FFhhiiyy8%EE!!!(
dH&%tn6$BMhRD|,ddHH&%ttnn6$BBMMhhRRDD|
"dY%9CA
(MiC%jc","ddYY%9CCAA
(MMiiCC%jjcc"
P	?,PP	?
ca{,ccaa{
_Uv+Qkr80S/\(dCib,_UUvv+QQkkrr80SS/\(ddCCiibb
!B;,!!!BB;
yPc,yyPPcc
WQ].=cjfE|8mH,WWQQ].=ccjjffEE|8mmHH
P,PP
_\roa^,_\rrooaa^
2&9,2&9
l+,ll+
eJ0KceX,eeJJ0KKcceeXX
g8-)SVkkS,gg8-)SSVVkkkkSS
"H:.<G.
1:'^/F\7gzV`","HH:.<GG.
1:'^/FF\7ggzzVV`"
U!5O:4$I,UU!!!5OO:4$II
LJ&W+,LLJJ&WW+
"?oBC.""v3$?EJT/;bigm'","?ooBBCC.""vv3$?EEJJTT/;bbiiggmm'"
FPm(sL/:s^])o,FFPPmm(ssLL/:ss^])oo
+f,+ff
3\b#},3\bb#}
a33a(9HD6A@S,aa33aa(9HHDD6AA@SS
",`Vh8Z]#,%-1OF5*X",",`VVhh8ZZ]#,%-1OOFF5*XX"
"yL9k,h4m""9J&43b;;","yyLL9kk,hh4mm""9JJ&43bb;;"
"""c","""cc"
RkL%3vw.Ia#zbs\A4GB,RRkkLL%3vvww.IIaa#zzbbss\AA4GGBB
"{F6~?+,)Gp7c:5xa ","{FF6~?+,)GGpp7cc:5xxaa "
sM*Bn})mwy_GHxeY(^{,ssMM*BBnn})mmwwyy_GGHHxxeeYY(^{
"X	vW7t)~K},w)Jos[","XX	vvWW7tt)~KK},ww)JJooss["
u^ F#E+fM;TbJ91,uu^ FF#EE+ffMM;TTbbJJ91
"9!EmZt6 MwPYFI[1R""","9!!!EEmmZZtt6 MMwwPPYYFFII[1RR"""
p0c ; ,pp0cc ; 
FWUac'LIT,FFWWUUaacc'LLIITT
/FeW7(4s6,/FFeeWW7(4ss6
9DJq@MY)o#l|ZL.F,9DDJJqq@MMYY)oo#ll|ZZLL.FF
5u&c!3AKe073,5uu&cc!!!3AAKKee073
6]tq}Ey*^W@=Vdup{,6]ttqq}EEyy*^WW@=VVdduupp{
"1H4}p""Tl%lS ","1HH4}pp""TTll%llSS "
1pN8smG,1ppNN8ssmmGG
"vy
s>,WC","vvyy
ss>,WWCC"
rwd2 /cAZ_##jLdm-z'n,rrwwdd2 /ccAAZZ_##jjLLddmm-zz'nn
CoZ%u*Ev66GA5?,CCooZZ%uu*EEvv66GGAA5?
fi53^)/qa,ffii53^)/qqaa
C(dHm{{bb^e$2tYGB ,CC(ddHHmm{{bbbb^ee$2ttYYGGBB 
;v[A|BH??/U/K,;vv[AA|BBHH??/UU/KK
"`2XP;O,7D","`2XXPP;OO,7DD"
@w5GM	Z{F<~5OX[o,@ww5GGMM	ZZ{FF<~5OOXX[oo
$;0~s/,$;0~ss/
"h@t|s
M[Z","hh@tt|ss
MM[ZZ"
"pP
RPE{,eJ
d$E.","ppPP
RRPPEE{,eeJJ
dd$EE."
^Uc{oEM;T(cK%qO,^UUcc{ooEEMM;TT(ccKK%qqOO
&eKGv K:OnH*,&eeKKGGvv KK:OOnnHH*
"f	z1l,","ff	zz1ll,"
~r{%qs=D)m}F;LD:,~rr{%qqss=DD)mm}FF;LLDD:
nIKQ&]73tCJ,nnIIKKQQ&]73ttCCJJ
=R}h~Zn[47|xw0^L,=RR}hh~ZZnn[47|xxww0^LL
"gh[77C!T,tP","gghh[77CC!!!TT,ttPP"
RyD?,RRyyDD?
3-|-1tZ,3-|-1ttZZ
"
#c7/K%{bSWtd}/M=","
#cc7/KK%{bbSSWWttdd}/MM="
(l12yHCz-.R,(ll12yyHHCCzz-.RR
u:v-	,uu:vv-	
;rQ.qyfgYH<,;rrQQ.qqyyffggYYHH<
"""I<l3/bR","""II<ll3/bbRR"
"iA)R
9	wS23h0v_*>#td","iiAA)RR
9	wwSS23hh0vv_*>#ttdd"
RR1I3=yi}[L,RRRR1II3=yyii}[LL
|ZXvA5a8W,|ZZXXvvAA5aa8WW
c,cc
uGm,uuGGmm
E<,EE<
{3Qei[xIaJLpBI+$m,{3QQeeii[xxIIaaJJLLppBBII+$mm
d_]}|7I,dd_]}|7II
"1f'p}i~e{,nD5O]~Cn","1ff'pp}ii~ee{,nnDD5OO]~CCnn"
"k,""{4h\K|Zw","kk,""{4hh\KK|ZZww"
4,4
"hgCF~ZT$
#KbZ~","hhggCCFF~ZZTT$
#KKbbZZ~"
olI}xP -Gfq-	}-u,oollII}xxPP -GGffqq-	}-uu
"v,65h`Q","vv,65hh`QQ"
HT	8)D29Hl;BhvQQS,HHTT	8)DD29HHll;BBhhvvQQQQSS
"#=Y{
(}26XR,","#=YY{
(}26XXRR,"
"D\GF,Gw8;-#m
9}","DD\GGFF,GGww8;-#mm
9}"
[;L37!&B#AT<=K*g,[;LL37!!!&BB#AATT<=KK*gg
hXxn<n!.Xi`q!KGTgv,hhXXxxnn<nn!!!.XXii`qq!!!KKGGTTggvv
M'S8}=nq,MM'SS8}=nnqq
<80b'Lb,<80bb'LLbb
f,ff
6q,6qq
"
+l;RTof_>L$","
+ll;RRTTooff_>LL$"
G7QEW,GG7QQEEWW
n,nn
C4}D~Vz,CC4}DD~VVzz
Bg,BBgg
e*iL@XfF	(qEN,ee*iiLL@XXffFF	(qqEENN
^~z&)>_P+	xN,^~zz&)>_PP+	xxNN
m){P@)y `;,mm){PP@)yy `;
t-J=y@d,tt-JJ=yy@dd
EcK7,EEccKK7
@&$eh:t9+&,@&$eehh:tt9+&
67K'B2^%'kyi&Wg6,67KK'BB2^%'kkyyii&WWgg6
X6WOiY,XX6WWOOiiYY
ZOr_W6/h.VHUOW)^,ZZOOrr_WW6/hh.VVHHUUOOWW)^
 cvte_pU, ccvvttee_ppUU
F-OCMzXF,FF-OOCCMMzzXXFF
$Mm%j{(m^(v6.@u,$MMmm%jj{(mm^(vv6.@uu
Jo,JJoo
"27][l/MiQH%};,<5_x7","27][ll/MMiiQQHH%};,<5_xx7"
*.sK>nc,*.ssKK>nncc
"W&,","WW&,"
"}K\e
X7GGKuQuXf","}KK\ee
XX7GGGGKKuuQQuuXXff"
U!T+%O~SDWM,UU!!!TT+%OO~SSDDWWMM
yA*AYKGu[~9YE`Nen{,yyAA*AAYYKKGGuu[~9YYEE`NNeenn{
},}
Db3 th>8zE}e>9LLJIvJ,DDbb3 tthh>8zzEE}ee>9LLLLJJIIvvJJ
OSlop&Y*?pf\coc[Fk35,OOSSlloopp&YY*?ppff\ccoocc[FFkk35
@z,@zz
d@_2HtemzR[kM,dd@_2HHtteemmzzRR[kkMM
S\pfq4/-sb%y,SS\ppffqq4/-ssbb%yy
"]=i/
u|H%","]=ii/
uu|HH%"
`C?1,`CC?1
_t}I@Tu,_tt}II@TTuu
0N%b%;1I s,0NN%bb%;1II ss
wdLYf|	V{%8 x_ze[,wwddLLYYff|	VV{%8 xx_zzee[
"u
&T`""O8zV)","uu
&TT`""OO8zzVV)"
=ZJko*-jmO\-4n>]pVKA,=ZZJJkkoo*-jjmmOO\-4nn>]ppVVKKAA
";J=\IE,)C+>PX
\q",";JJ=\IIEE,)CC+>PPXX
\qq"
F,FF
X{,XX{
.,.
5h |-hm%\S6bce,5hh |-hhmm%\SS6bbccee
+OZHe,+OOZZHHee
C0#o.qI}S)	XRk.WUI,CC0#oo.qqII}SS)	XXRRkk.WWUUII
dJ,ddJJ
r1fwW;,rr1ffwwWW;
"!R""[w.u,","!!!RR""[ww.uu,"
x}!)0q12c$WO#3o_,xx}!!!)0qq12cc$WWOO#3oo_
']2Gn,']2GGnn
"Rr/TtRU}|
z","RRrr/TTttRRUU}|
zz"
"c,}{","cc,}{"
B~dh)5(W}GeLx?=TC,BB~ddhh)5(WW}GGeeLLxx?=TTCC
l>k	f|5Zc6Tz1,ll>kk	ff|5ZZcc6TTzz1
dAltK(4NN&(ZPLfq,ddAAllttKK(4NNNN&(ZZPPLLffqq
HjnOC 3N,HHjjnnOOCC 3NN
"v[(,@X,H3N/'D{(^.$}","vv[(,@XX,HH3NN/'DD{(^.$}"
h,hh
zX&T05YE<x!$rR{}P8,zzXX&TT05YYEE<xx!!!$rrRR{}PP8
[zUdVH\#,[zzUUddVVHH\#
m9&l?wiV0IC8[0OWCrEa,mm9&ll?wwiiVV0IICC8[0OOWWCCrrEEaa
r,rr
(udj~Y%i,(uuddjj~YY%ii
p,pp
]xd+r.^|,]xxdd+rr.^|
"~
6VuyL","~
6VVuuyyLL"
"ISr,/VDnPIVkKQtA<a","IISSrr,/VVDDnnPPIIVVkkKKQQttAA<aa"
"|.a->:)KySzaM
","|.aa->:)KKyySSzzaaMM
"
2~yc,2~yycc
"-@Glg:""uC","-@GGllgg:""uuCC"
G[H#,GG[HH#
f,ff
"'&a_uXM""B5ZZbUQz_f","'&aa_uuXXMM""BB5ZZZZbbUUQQzz_ff"
ICz',IICCzz'
"5yIA[$Nl
eEpGAF0","5yyIIAA[$NNll
eeEEppGGAAFF0"
2F6KU]jz,2FF6KKUU]jjzz
UX[]DdR+m2=a6O>F,UUXX[]DDddRR+mm2=aa6OO>FF
"P
	6vqZ,","PP
	6vvqqZZ,"
a]e{uQlrbs~mA,aa]ee{uuQQllrrbbss~mmAA
6}MMmhw}z_~Iz,6}MMMMmmhhww}zz_~IIzz
68|9yN`w5f6,68|9yyNN`ww5ff6
"UKc/O?MB)I""3nLFUYw","UUKKcc/OO?MMBB)II""3nnLLFFUUYYww"
"{iWdP7,mp\"" #:.","{iiWWddPP7,mmpp\"" #:."
">S*|::>&m2,x",">SS*|::>&mm2,xx"
"
LNKZ?","
LLNNKKZZ?"
H7MRl&mRQ98t~1<86,HH7MMRRll&mmRRQQ98tt~1<86
"m
d=z$;LQ)/;_F7","mm
dd=zz$;LLQQ)/;_FF7"
7!YB&@,7!!!YYBB&@
.-RSzE{EN,.-RRSSzzEE{EENN
H,HH
"e~""
y0Da=F!d!E}s","ee~""
yy0DDaa=FF!!!dd!!!EE}ss"
OMIk-{b'R9,OOMMIIkk-{bb'RR9
J+Vq,JJ+VVqq
-A>JJhc8S{,-AA>JJJJhhcc8SS{
"BX[?_#Y ,=n{0#D0vt","BBXX[?_#YY ,=nn{0#DD0vvtt"
3~#1,3~#1
"33vod,wQ=&jJUIUxE","33vvoodd,wwQQ=&jjJJUUIIUUxxEE"
)h`j\\Z;]F,)hh`jj\\ZZ;]FF
]gS(^u,]ggSS(^uu
lIq70eQ[,llIIqq70eeQQ[
"mIO]X5J;-8G~""g","mmIIOO]XX5JJ;-8GG~""gg"
[EuW	vqw-,[EEuuWW	vvqqww-
"Z|KeU
|hP"">AF@oo)~|^","ZZ|KKeeUU
|hhPP"">AAFF@oooo)~|^"
gh \lYa-8vj6MzBYJK!,gghh \llYYaa-8vvjj6MMzzBBYYJJKK!!!
P	 ,PP	 
/1!swVIKpM}y{,/1!!!sswwVVIIKKppMM}yy{
;`m_,;`mm_
u!h:|,uu!!!hh:|
"""c\:qwU&FQ8=K`/< K\`","""cc\:qqwwUU&FFQQ8=KK`/< KK\`"
5E4$L<7j:@M}A,5EE4$LL<7jj:@MM}AA
38Qtnv,38QQttnnvv
Ma,MMaa
[O,[OO
"RYK4[
;B","RRYYKK4[
;BB"
".*/CifnJ9J"">I$",".*/CCiiffnnJJ9JJ"">II$"
hpJ,hhppJJ
"M0~);Z%aL'q
[S22	M,#","MM0~);ZZ%aaLL'qq
[SS22	MM,#"
n!w0DvPo~j@DdhE $x,nn!!!ww0DDvvPPoo~jj@DDddhhEE $xx
EM>7((,EEMM>7((
"/}BtzxF8j9g,+?|9
S&H","/}BBttzzxxFF8jj9gg,+?|9
SS&HH"
"
'MW)F~""=P-_I,ud","
'MMWW)FF~""=PP-_II,uudd"
~f2D/iBq$zAuf]TZ,~ff2DD/iiBBqq$zzAAuuff]TTZZ
0 Qv7k=>J'UI,0 QQvv7kk=>JJ'UUII
YXePVed%;J,YYXXeePPVVeedd%;JJ
[0y5\M(>sQrW:px,[0yy5\MM(>ssQQrrWW:ppxx
"v*[$@|e	\2z+B,:","vv*[$@|ee	\2zz+BB,:"
"^Il0QMvdQ*=Yt-rhw""","^IIll0QQMMvvddQQ*=YYtt-rrhhww"""
"	@4H\yY
VEI[(p;,0':","	@4HH\yyYY
VVEEII[(pp;,0':"
"ir*DR5"":&^TM`D","iirr*DDRR5"":&^TTMM`DD"
ik;;Y,iikk;;YY
6dcG{b}FDB8,6ddccGG{bb}FFDDBB8
ZkB^V'`Y=U;,ZZkkBB^VV'`YY=UU;
rE9,rrEE9
[#huK,[#hhuuKK
<)Y8&WZ,<)YY8&WWZZ
()W:n|Y OPhY6j\pDD]K,()WW:nn|YY OOPPhhYY6jj\ppDDDD]KK
eeFPLR'MN,eeeeFFPPLLRR'MMNN
m\R_@	NfNyK,mm\RR_@	NNffNNyyKK
"_@,=6CmYs","_@,=6CCmmYYss"
"]/TV#v1z,3}""","]/TTVV#vv1zz,3}"""
QX0X2,QQXX0XX2
"VLzh^2o#&k
Z^*B/p@","VVLLzzhh^2oo#&kk
ZZ^*BB/pp@"
"
.|)S","
.|)SS"
]`<iQ?vAwj,]`<iiQQ?vvAAwwjj
#Y$x?0f!$N	c,#YY$xx?0ff!!!$NN	cc
)rYE9@QG>B,)rrYYEE9@QQGG>BB
@fTsHt)	}w,@ffTTssHHtt)	}ww
"PICZ=?1
U]&PS& E`","PPIICCZZ=?1
UU]&PPSS& EE`"
"_0GW_""ZH8js7EH","_0GGWW_""ZZHH8jjss7EEHH"
"|8f<*,V\{","|8ff<*,VV\{"
!MDX>f]=90=|K7n\3[6d,!!!MMDDXX>ff]=90=|KK7nn\3[6dd
"JR""%EIN.TeAhu'n}1""","JJRR""%EEIINN.TTeeAAhhuu'nn}1"""
zw,zzww
=L5-D,=LL5-DD
z&a^x{aDU,zz&aa^xx{aaDDUU
`,`
"i%/~S'G*g\.
2vxPa[ ","ii%/~SS'GG*gg\.
2vvxxPPaa[ "
L2w92(tcEuv\WPI*5,LL2ww92(ttccEEuuvv\WWPPII*5
t,tt
Z|?a%ER,ZZ|?aa%EERR
"gPOb_@Sz9
","ggPPOObb_@SSzz9
"
uml,uummll
YjVq*3Xw9Lskde=|y:J,YYjjVVqq*3XXww9LLsskkddee=|yy:JJ
"k.sH|kCI&,z}?|{Il","kk.ssHH|kkCCII&,zz}?|{IIll"
"1w[
a#`N eh,:B","1ww[
aa#`NN eehh,:BB"
"
d4>d","
dd4>dd"
"
F+XG\{z0![]IeDFmE0s","
FF+XXGG\{zz0!!![]IIeeDDFFmmEE0ss"
el]9P_slGYP	.-,eell]9PP_ssllGGYYPP	.-
=XZ!JqowR$@0tW,=XXZZ!!!JJqqoowwRR$@0ttWW
ui7hhKYD&;Fl0T$/,uuii7hhhhKKYYDD&;FFll0TT$/
%D69BZt:lQ,%DD69BBZZtt:llQQ
J&(6<29,JJ&(6<29
"RW^q^2dX
1{>Rn(2!","RRWW^qq^2ddXX
1{>RRnn(2!!!"
n}&/ ]1;aJ9K'5;_(- z,nn}&/ ]1;aaJJ9KK'5;_(- zz
"5'_0}
0Hl05H","5'_0}
0HHll05HH"
U!LTH0,UU!!!LLTTHH0
"!>Ya]'<m>,","!!!>YYaa]'<mm>,"
-@cv%x3.-*BFTmReCr,-@ccvv%xx3.-*BBFFTTmmRReeCCrr
"=""W~P
Zay24V(\)f!V","=""WW~PP
ZZaayy24VV(\)ff!!!VV"
ROWRWW,RROOWWRRWWWW
+,+
&TGA=~?BFnGNp1gy;.,&TTGGAA=~?BBFFnnGGNNpp1ggyy;.
c6-z5zx_o61.%Xp=i.b<,cc6-zz5zzxx_oo61.%XXpp=ii.bb<
GCO Xg,GGCCOO XXgg
"@""S6","@""SS6"
"5SySm%!e
 #","5SSyySSmm%!!!ee
 #"
$?lhI0\/~:>-L%;~o9,$?llhhII0\/~:>-LL%;~oo9
SQ6k1U~=E,SSQQ6kk1UU~=EE
"}jxL!(#""uq>(hSj{Y78","}jjxxLL!!!(#""uuqq>(hhSSjj{YY78"
YF$!e4F]RP,YYFF$!!!ee4FF]RRPP
"N""zL""=` 43<*{N]","NN""zzLL""=` 43<*{NN]"
D	{NrI<2j,DD	{NNrrII<2jj
"zd ""?p${q7l","zzdd ""?pp${qq7ll"
gyfy Ch[~9(	,ggyyffyy CChh[~9(	
"#[j""e{PW4XU;P{xj/#B","#[jj""ee{PPWW4XXUU;PP{xxjj/#BB"
ChPP4,CChhPPPP4
"6	;=xc/?
-^","6	;=xxcc/?
-^"
s`)ID|,ss`)IIDD|
-fF;	t7Dc=)U5\iI^U:U,-ffFF;	tt7DDcc=)UU5\iiII^UU:UU
"'&<|,1Qd~S\3JEX_""u","'&<|,1QQdd~SS\3JJEEXX_""uu"
W1<ETo#UN]&Ri59D|s,WW1<EETToo#UUNN]&RRii59DD|ss
"58TBe`Vr
);","58TTBBee`VVrr
);"
Kd&R_&*$>\1r,KKdd&RR_&*$>\1rr
qj?n^p,qqjj?nn^pp
dk*}{&,ddkk*}{&
"dpM}RuG!zJq>ESA""F","ddppMM}RRuuGG!!!zzJJqq>EESSAA""FF"
@q^'Ajj}bUqcMbI,@qq^'AAjjjj}bbUUqqccMMbbII
#[iJ,#[iiJJ
"Ii=&t""U9,}#QE%$v[","IIii=&tt""UU9,}#QQEE%$vv["
O`D=zLN,OO`DD=zzLLNN
jJ!;V'Pl)'vC`,jjJJ!!!;VV'PPll)'vvCC`
"0__|$e,,?|y{","0__|$ee,,?|yy{"
"Kb6,`_{9Kbqws","KKbb6,`_{9KKbbqqwwss"
1J'en`|h,1JJ'eenn`|hh
[|&,[|&
_`m	L~bDFKiIpbI K w,_`mm	LL~bbDDFFKKiiIIppbbII KK ww
"zs""Uohr:fw:#J$5
","zzss""UUoohhrr:ffww:#JJ$5
"
u# jU,uu# jjUU
.6NmIYu4G/^7$ 7T?k,.6NNmmIIYYuu4GG/^7$ 7TT?kk
4Vr8`O&u2g8q?bEGhFT ,4VVrr8`OO&uu2gg8qq?bbEEGGhhFFTT 
(ytUmtb.d8<HpvbK,(yyttUUmmttbb.dd8<HHppvvbbKK
8bJn#zS'	%m(9z,8bbJJnn#zzSS'	%mm(9zz
r)>jc=>Qq,rr)>jjcc=>QQqq
#8Y+auaeqL@*Rt,#8YY+aauuaaeeqqLL@*RRtt
"6Q=,,0L6TW&n{Mh62o","6QQ=,,0LL6TTWW&nn{MMhh62oo"
"BV""R3:","BBVV""RR3:"
"l,DkKZFn7;""_$i","ll,DDkkKKZZFFnn7;""_$ii"
CBAd/<([ug:@NeL%WQAR,CCBBAAdd/<([uugg:@NNeeLL%WWQQAARR
"
1=_'<","
1=_'<"
d'T|3u{I?x^Y$kch-y,dd'TT|3uu{II?xx^YY$kkcchh-yy
"j{&T8Sk=6CL""B=?_","jj{&TT8SSkk=6CCLL""BB=?_"
Y3ly!&,YY3llyy!!!&
nl,nnll
"|
K`yI4","|
KK`yyII4"
"?yQOM\vY{		z,/8E^D=","?yyQQOOMM\vvYY{		zz,/8EE^DD="
'_;9z%9Z.3Ox,'_;9zz%9ZZ.3OOxx
;^pjGO~0L,;^ppjjGGOO~0LL
n,nn
B+.B,BB+.BB
	$~,	$~
h-zCl2uQ_l[cj,hh-zzCCll2uuQQ_ll[ccjj
k~^t*9#,kk~^tt*9#
VfO$f\,VVffOO$ff\
lyY@'SjRS,llyyYY@'SSjjRRSS
9GHeYfeZ2CEG=!QiX4mu,9GGHHeeYYffeeZZ2CCEEGG=!!!QQiiXX4mmuu
86:,86:
:{E\DH\,:{EE\DDHH\
_4k6PxE S,_4kk6PPxxEE SS
"S-[sl$
d(~>2z&","SS-[ssll$
dd(~>2zz&"
%,%
"@b[r{""(J{=P^","@bb[rr{""(JJ{=PP^"
$X^B/!+`n;_8,$XX^BB/!!!+`nn;_8
4dxVQY,4ddxxVVQQYY
Nxt*37]&XmDvnR,NNxxtt*37]&XXmmDDvvnnRR
J8+!f'/8<^o=F,JJ8+!!!ff'/8<^oo=FF
EHNF3(e,EEHHNNFF3(ee
`['Al>+g*,`['AAll>+gg*
t	,tt	
 t_$., tt_$.
q6i66>99#	PK${^r/eH,qq6ii66>99#	PPKK${^rr/eeHH
"jwJsqA
[eoJiO#]W`","jjwwJJssqqAA
[eeooJJiiOO#]WW`"
qYxFTlVB#l_UX4Ug,qqYYxxFFTTllVVBB#ll_UUXX4UUgg
"
xu5IK!9t7\","
xxuu5IIKK!!!9tt7\"
-pP,-ppPP
KntP!,KKnnttPP!!!
eC2.[uqEj95,eeCC2.[uuqqEEjj95
-2+,-2+
]SwOXCsq,]SSwwOOXXCCssqq
r}mshf,rr}mmsshhff
	;I,	;II
85{ZeL,85{ZZeeLL
Y i<gcbzUyjoR:y_7`	,YY ii<ggccbbzzUUyyjjooRR:yy_7`	
JvOZ=',JJvvOOZZ='
SeEh9AJyp,SSeeEEhh9AAJJyypp
&fw$1n,&ffww$1nn
";Jh'6mn@6>_2lk,;",";JJhh'6mmnn@6>_2llkk,;"
JrVYhGk^ZONfaL,JJrrVVYYhhGGkk^ZZOONNffaaLL
a74vzr,aa74vvzzrr
lNJs,llNNJJss
".jKo<=}p,N`}MkL",".jjKKoo<=}pp,NN`}MMkkLL"
7(T#,7(TT#
tY6e'1]\-a4~^~7EeU,ttYY6ee'1]\-aa4~^~7EEeeUU
|L_9*ls>#M\Ks<k u,|LL_9*llss>#MM\KKss<kk uu
"?:1J^~\""k*%ovO'er lk","?:1JJ^~\""kk*%oovvOO'eerr llkk"
B'Kg|+-{MI7L,BB'KKgg|+-{MMII7LL
EuI!Mhl?,EEuuII!!!MMhhll?
w@fl< ' s>&pj+9HZ,ww@ffll< ' ss>&ppjj+9HHZZ
yyjkdI&zwD=xcun8~,yyyyjjkkddII&zzwwDD=xxccuunn8~
"4""~m1,  /Y{Y","4""~mm1,  /YY{YY"
#nu	?_ak,#nnuu	?_aakk
Z]Z,ZZ]ZZ
07MJ!tC(,07MMJJ!!!ttCC(
_woRu},_wwooRRuu}
Nhb,NNhhbb
; 5^H;;[cIjK,; 5^HH;;[ccIIjjKK
K}*)ew,KK}*)eeww
6Y*8,6YY*8
",+h",",+hh"
"'t,""\","'tt,""\"
7dEj	F5w.f<A,7ddEEjj	FF5ww.ff<AA
^8RmO=+;Yl00\}v,^8RRmmOO=+;YYll00\}vv
fz9if,ffzz9iiff
"v""6","vv""6"
EOnGpxyxvD$l\,EEOOnnGGppxxyyxxvvDD$ll\
Fn[o%jk,FFnn[oo%jjkk
c5[h &esOR,cc5[hh &eessOORR
aloXwS,aallooXXwwSS
",}R",",}RR"
"+@""e@","+@""ee@"
"T,j0o
q._	8
'Tz","TT,jj0oo
qq._	8
'TTzz"
""" ",""" "
"U<,q;=V' 8rJC2Lu","UU<,qq;=VV' 8rrJJCC2LLuu"
b,bb
t|k'7ivPf$Zd*7IJ,tt|kk'7iivvPPff$ZZdd*7IIJJ
4,4
W6,WW6
"\*
8K9LE""b:^H\<<cv~g","\*
8KK9LLEE""bb:^HH\<<ccvv~gg"
p-de</-3	@'/*,pp-ddee</-3	@'/*
"FBL8I][r8=\;*C8
]","FFBBLL8II][rr8=\;*CC8
]"
)Tu/eeWCocNB,)TTuu/eeeeWWCCooccNNBB
$fO,$ffOO
1&~_~y,1&~_~yy
3\&>,3\&>
"9i	M3NvT+>{_,w$","9ii	MM3NNvvTT+>{_,ww$"
 /xShE=yZ<Z5^Um-4, /xxSShhEE=yyZZ<ZZ5^UUmm-4
#c&JH,#cc&JJHH
VdSzL	WHs$l)Z,VVddSSzzLL	WWHHss$ll)ZZ
E0+m}wmMW)f1~Zzqv!#N,EE0+mm}wwmmMMWW)ff1~ZZzzqqvv!!!#NN
"!
;n8F5","!!!
;nn8FF5"
xyck)!n2	,xxyycckk)!!!nn2	
4<~y,4<~yy
npxDa/}X)Z{4Hi,nnppxxDDaa/}XX)ZZ{4HHii
"m
Cxh%@l\KUNmD@0T_","mm
CCxxhh%@ll\KKUUNNmmDD@0TT_"
iY Z,iiYY ZZ
":O%0r,3 *",":OO%0rr,3 *"
3,3
B40*	T[lXsJ,BB40*	TT[llXXssJJ
"RhlS""!wYyk","RRhhllSS""!!!wwYYyykk"
q+'TLFaX,qq+'TTLLFFaaXX
],]
w	Zg8	4L6^,ww	ZZgg8	4LL6^
E,EE
Xk`(ul|Z@_{X;&,XXkk`(uull|ZZ@_{XX;&
@	,@	
}:tQsK_J4z!x,}:ttQQssKK_JJ4zz!!!xx
[&EKg,[&EEKKgg
}yoWBKhvjT#Q,}yyooWWBBKKhhvvjjTT#QQ
|lF%Qy5NadI+1$r{62o,|llFF%QQyy5NNaaddII+1$rr{62oo
4a,4aa
2=\6(,2=\6(
sHA=~w3Hx+,ssHHAA=~ww3HHxx+
",@m:"" VC1ESqS",",@mm:"" VVCC1EESSqqSS"
'%Q,'%QQ
WdL,WWddLL
\Rx[C9zxo@,\RRxx[CC9zzxxoo@
0%4fjN`,0%4ffjjNN`
E%hj)meQw\`=,EE%hhjj)mmeeQQww\`=
N9~c6^l^ga,NN9~cc6^ll^ggaa
SyAT,SSyyAATT
)w-W[d40<6{V,)ww-WW[dd40<6{VV
$c)ik-RHwWv_Y,$cc)iikk-RRHHwwWWvv_YY
H,HH
"3q""xaEzJV2465Y5","3qq""xxaaEEzzJJVV2465YY5"
fh,ffhh
>:u,>:uu
x>Kil#|qDN,xx>KKiill#|qqDDNN
z:,zz:
5WDo]`wg,5WWDDoo]`wwgg
j>PA5c-vETy9(qRL,jj>PPAA5cc-vvEETTyy9(qqRRLL
vU*<$-@BM8es-%,vvUU*<$-@BBMM8eess-%
vUpjO=;WS,vvUUppjjOO=;WWSS
*_*x[OP#SNQHu?qF,*_*xx[OOPP#SSNNQQHHuu?qqFF
E#,EE#
|,|
&sYkOyHT^,&ssYYkkOOyyHHTT^
N//ox JC?,NN//ooxx JJCC?
"w"",CV^","ww"",CCVV^"
"`cf=QQhj4
txb$@MpRwa","`ccff=QQQQhhjj4
ttxxbb$@MMppRRwwaa"
0o9`qE{m]jOpW,0oo9`qqEE{mm]jjOOppWW
d~HlO,dd~HHllOO
vbF)p93o;|n2,vvbbFF)pp93oo;|nn2
;,;
5\f,5\ff
~Q>ef,~QQ>eeff
"AA.=
","AAAA.=
"
{`1,{`1
DLBz],DDLLBBzz]
zMa s,zzMMaa ss
Cli*,CCllii*
5oq86i!M ]uejI,5ooqq86ii!!!MM ]uueejjII
"Y#^[@'d}D
Nv(3W`qJL","YY#^[@'dd}DD
NNvv(3WW`qqJJLL"
>u'=\9hW1+@9m3c[IPl,>uu'=\9hhWW1+@9mm3cc[IIPPll
"c2""!J1=992e/$1P7J","cc2""!!!JJ1=992ee/$1PP7JJ"
"c<
03CUO'Nf","cc<
03CCUUOO'NNff"
"X)""Mtrz2","XX)""MMttrrzz2"
b|3w],bb|3ww]
6c3<g^mLxz$ryY$ HE,6cc3<gg^mmLLxxzz$rryyYY$ HHEE
Hf.k<,HHff.kk<
","",a01Vu;}",","",aa01VVuu;}"
~Z.KLJ5kd'F% 5N9Y,~ZZ.KKLLJJ5kkdd'FF% 5NN9YY
Koqtn,KKooqqttnn
"##%Vf}H7_<;1r%k>T""`b","##%VVff}HH7_<;1rr%kk>TT""`bb"
?_,?_
61yNF{,61yyNNFF{
u@zX]~|h>D]h~7^dO`{4,uu@zzXX]~|hh>DD]hh~7^ddOO`{4
vCsI -2z^:{0&e?n!Y8,vvCCssII -2zz^:{0&ee?nn!!!YY8
"&|RhYLt:Ww#+Ii	""","&|RRhhYYLLtt:WWww#+IIii	"""
CUvngC78>D&K,CCUUvvnnggCC78>DD&KK
<`,<`
6iP,6iiPP
R5?B~~(r#6,RR5?BB~~(rr#6
"zw 8R*	,^?n-QuZ%","zzww 8RR*	,^?nn-QQuuZZ%"
i3D,ii3DD
",(:n}||<W=2rkC`",",(:nn}||<WW=2rrkkCC`"
",",","
tr_Lk,ttrr_LLkk
U]F8EPR?$K	T,UU]FF8EEPPRR?$KK	TT
8SHi;pH>8AC4.DR_,8SSHHii;ppHH>8AACC4.DDRR_
",(=^I5",",(=^II5"
ZK`}BfcB	$?=$H51#,ZZKK`}BBffccBB	$?=$HH51#
l`NdtI0$,ll`NNddttII0$
YTqW,YYTTqqWW
'w?,'ww?
=M&$z:pb&);M6`T,=MM&$zz:ppbb&);MM6`TT
"d=w?U+	o$DhK
Tny","dd=ww?UU+	oo$DDhhKK
TTnnyy"
_|vbJu@eE?,_|vvbbJJuu@eeEE?
fpRpm{ZIV,ffppRRppmm{ZZIIVV
"6BF
D5;eOo1`Z3FW&","6BBFF
DD5;eeOOoo1`ZZ3FFWW&"
+I4`#!-1,+II4`#!!!-1
"Gub>8
qL9%","GGuubb>8
qqLL9%"
y{: yzBS}20'^l=O1y,yy{: yyzzBBSS}20'^ll=OO1yy
+ 0,+ 0
S#	5+b!ab0Y9Iy,SS#	5+bb!!!aabb0YY9IIyy
t7{XY,tt7{XXYY
M7{@Xut79=vk)qoo>,MM7{@XXuutt79=vvkk)qqoooo>
"v_&$U,~{;a&jLR9g(>UN","vv_&$UU,~{;aa&jjLLRR9gg(>UUNN"
P ~ByQISLG]qrY`K;I3n,PP ~BByyQQIISSLLGG]qqrrYY`KK;II3nn
KQ._J;y,KKQQ._JJ;yy
Mq.91OKjx=&[X7fR.[,MMqq.91OOKKjjxx=&[XX7ffRR.[
fnf,ffnnff
f,ff
S	/	/,SS	/	/
BMaKcA_+OHxG,BBMMaaKKccAA_+OOHHxxGG
 +h, +hh
#yGY8PJPc;$y,#yyGGYY8PPJJPPcc;$yy
4ddexf4?Y:F24	@%,4ddddeexxff4?YY:FF24	@%
lX,llXX
lW@x+vyjEXI,llWW@xx+vvyyjjEEXXII
v,vv
u|:d:,uu|:dd:
|7a,|7aa
=X,=XX
F{g 6GbaRBcKd&Ei,FF{gg 6GGbbaaRRBBccKKdd&EEii
+ki`@TQotBp.A=eC,+kkii`@TTQQoottBBpp.AA=eeCC
"qP_^
P5","qqPP_^
PP5"
w^)aS ],ww^)aaSS ]
T=dgdLmdJ:(tE,TT=ddggddLLmmddJJ:(ttEE
4&',4&'
`!beZOZvk>&Ns,`!!!bbeeZZOOZZvvkk>&NNss
"BG
4V*|LIO
>%I8","BBGG
4VV*|LLIIOO
>%II8"
"M:Ort""7>my%+-","MM:OOrrtt""7>mmyy%+-"
qpHD(os#uZs{det,qqppHHDD(ooss#uuZZss{ddeett
"v
{O'xuj_yo\jpP","vv
{OO'xxuujj_yyoo\jjppPP"
$,$
u>V|$,uu>VV|$
Yn_jj4FX,YYnn_jjjj4FFXX
I:53&LVN@z m,II:53&LLVVNN@zz mm
fBS-g=k2A)A.j^a,ffBBSS-gg=kk2AA)AA.jj^aa
"f""R	y","ff""RR	yy"
M$q=YRLAMX$Br>(/w^^,MM$qq=YYRRLLAAMMXX$BBrr>(/ww^^
+^p<ndN0x!j9)h6qO '{,+^pp<nnddNN0xx!!!jj9)hh6qqOO '{
+)$?j,+)$?jj
c?3,cc?3
=(%IKv;D~?4[F1;H/,=(%IIKKvv;DD~?4[FF1;HH/
" Z!zhP-q*[W:HC$R+G
k"," ZZ!!!zzhhPP-qq*[WW:HHCC$RR+GG
kk"
s5a-zQ,ss5aa-zzQQ
z%z'i&Mp	RXrj0,zz%zz'ii&MMpp	RRXXrrjj0
Rph<.Z?,RRpphh<.ZZ?
&\,&\
iN4(jqsPbYSpYqq@,iiNN4(jjqqssPPbbYYSSppYYqqqq@
},}
^7Up,^7UUpp
wK	}x!EMuyJksF(Z,wwKK	}xx!!!EEMMuuyyJJkkssFF(ZZ
D*{v`R=lgPUJ\7Yvg!,DD*{vv`RR=llggPPUUJJ\7YYvvgg!!!
tD,ttDD
p)VFZjv,pp)VVFFZZjjvv
.R&^em(.YN>SrqXX@n,.RR&^eemm(.YYNN>SSrrqqXXXX@nn
"3{IPxuV+yv
)/LH63o","3{IIPPxxuuVV+yyvv
)/LLHH63oo"
JR	ykesH,JJRR	yykkeessHH
}@^{QxXy-b@,}@^{QQxxXXyy-bb@
6}rq9!Zo5fiV(Z,6}rrqq9!!!ZZoo5ffiiVV(ZZ
0v)J),0vv)JJ)
=,=
b$%[Dhkel&`O;P9wf0,bb$%[DDhhkkeell&`OO;PP9wwff0
"S5&>Vw
6","SS5&>VVww
6"
"(3
tdu`","(3
ttdduu`"
u &%z>;OC^q,uu &%zz>;OOCC^qq
bK<2EE?]cf@1&O>}r	MN,bbKK<2EEEE?]ccff@1&OO>}rr	MMNN
[iC&=Q>Y007Y}R~,[iiCC&=QQ>YY007YY}RR~
KI-?GM00UJ~v,KKII-?GGMM00UUJJ~vv
gcJ$zDu~A<$`Sp,ggccJJ$zzDDuu~AA<$`SSpp
Ekbb,EEkkbbbb
"Lm&k
<U>}O","LLmm&kk
<UU>}OO"
>-,>-
4ToemtiVu\8vyD,4TTooeemmttiiVVuu\8vvyyDD
Td#lPta.g;#V.:Y,TTdd#llPPttaa.gg;#VV.:YY
RhOV3,RRhhOOVV3
[@E?-_=Y9|.oJ,[@EE?-_=YY9|.ooJJ
l2_0+s;h^2ua ?i,ll2_0+ss;hh^2uuaa ?ii
4m~vqd6CWE	2-`[n,4mm~vvqqdd6CCWWEE	2-`[nn
"IsMoc;{}~r9""","IIssMMoocc;{}~rr9"""
Cn{mhwU	!PRf)(3K,CCnn{mmhhwwUU	!!!PPRRff)(3KK
"j!HFHlY`uCr 
Mx-M!","jj!!!HHFFHHllYY`uuCCrr 
MMxx-MM!!!"
"0Go9#r""Zk2c.Y","0GGoo9#rr""ZZkk2cc.YY"
"Y`h""uv","YY`hh""uuvv"
q.B\tTDe2_%U3B/3:,qq.BB\ttTTDDee2_%UU3BB/3:
a	,aa	
"uvQpR<""|4Po2M","uuvvQQppRR<""|4PPoo2MM"
$Mt1PaKxDF2U	,$MMtt1PPaaKKxxDDFF2UU	
>{#>Y'v[5i!<+	'7Jqo,>{#>YY'vv[5ii!!!<+	'7JJqqoo
"L>Bj1;9|S
)+'@i\(f","LL>BBjj1;9|SS
)+'@ii\(ff"
T>Wk9U<,TT>WWkk9UU<
~qM1'6`w1Q,~qqMM1'6`ww1QQ
R#[=y$L8BG;|>Wq)N',RR#[=yy$LL8BBGG;|>WWqq)NN'
"
I","
II"
&v7,&vv7
"GbL]:3QQjH;""hIj","GGbbLL]:3QQQQjjHH;""hhIIjj"
w2HUR$GtEc	QOCc(>,ww2HHUURR$GGttEEcc	QQOOCCcc(>
h7rJk<,hh7rrJJkk<
KSLx#RTr6b]Nk`D ,KKSSLLxx#RRTTrr6bb]NNkk`DD 
"7z;;1|d2fg"" ","7zz;;1|dd2ffgg"" "
YrRn+u@ e&Na>XUcSX>,YYrrRRnn+uu@ ee&NNaa>XXUUccSSXX>
"^}>lQr8#ILq""]","^}>llQQrr8#IILLqq""]"
",?9Ys3hy]",",?9YYss3hhyy]"
"""cV+MP","""ccVV+MMPP"
"A:Q}TW8U/>},a[$Yp^","AA:QQ}TTWW8UU/>},aa[$YYpp^"
"P`0z*'^N""%U","PP`0zz*'^NN""%UU"
G>:R,GG>:RR
JxU{,JJxxUU{
X,XX
x%eVDX1&+n=2)gB=aNeU,xx%eeVVDDXX1&+nn=2)ggBB=aaNNeeUU
n>OYl0ya~,nn>OOYYll0yyaa~
?Iuo5JR303$o,?IIuuoo5JJRR303$oo
Vt`_:#Q2`1zX%|jHwZ,VVtt`_:#QQ2`1zzXX%|jjHHwwZZ
"NN	4lv(TioT-
Xpo","NNNN	4llvv(TTiiooTT-
XXppoo"
"OxizlM{m
AK(~)#<","OOxxiizzllMM{mm
AAKK(~)#<"
D}]Wpi,DD}]WWppii
"etDV>5](_""JL#\9Ax/YD","eettDDVV>5](_""JJLL#\9AAxx/YYDD"
R	tUO,RR	ttUUOO
"@""W!<Ew+2Yz.j@0","@""WW!!!<EEww+2YYzz.jj@0"
Xsp(,XXsspp(
J_)eS`s\/Ka`E\tCb7?E,JJ_)eeSS`ss\/KKaa`EE\ttCCbb7?EE
"w?cVAyTP""=n[ZG{^p","ww?ccVVAAyyTTPP""=nn[ZZGG{^pp"
I~4Ww5,II~4WWww5
$,$
A%/K=rq,AA%/KK=rrqq
o!h),oo!!!hh)
[yVKNhyNs2,[yyVVKKNNhhyyNNss2
BY,BBYY
<IMbi[U=QWD&?&:^xS,<IIMMbbii[UU=QQWWDD&?&:^xxSS
:*S%-o/,:*SS%-oo/
"@ye\<BA,D^","@yyee\<BBAA,DD^"
"`NHI	%1YxG{=_`/A	,","`NNHHII	%1YYxxGG{=_`/AA	,"
",(gH",",(ggHH"
"^!oxOt
","^!!!ooxxOOtt
"
"+$~=Wz,cq%#","+$~=WWzz,ccqq%#"
0mJ1'dz3#Dqtt0>',0mmJJ1'ddzz3#DDqqtttt0>'
'cye^;gC3kg.,'ccyyee^;ggCC3kkgg.
<w&[,<ww&[
e*I,ee*II
_.0$h,_.0$hh
^BX(WXUjMWM#	c2O$',^BBXX(WWXXUUjjMMWWMM#	cc2OO$'
NP2~PjEIB${_wgo]P,NNPP2~PPjjEEIIBB${_wwggoo]PP
5J18C2jsfv7,5JJ18CC2jjssffvv7
2e4L-fstsV-_a3c]6,2ee4LL-ffssttssVV-_aa3cc]6
p_dFT:k4yTyQ]Q5 CKo1,pp_ddFFTT:kk4yyTTyyQQ]QQ5 CCKKoo1
"zjh{% ""[NoltWd(U_","zzjjhh{% ""[NNoollttWWdd(UU_"
Oga:Ty!Ka/#+O%=nQS7p,OOggaa:TTyy!!!KKaa/#+OO%=nnQQSS7pp
Zd*2,ZZdd*2
)w*,)ww*
i~}lG8[0)cZ~gy`I,ii~}llGG8[0)ccZZ~ggyy`II
Jt|eBbA,JJtt|eeBBbbAA
;]eQ5t\vg2Q|OT~x/,;]eeQQ5tt\vvgg2QQ|OOTT~xx/
AddH!KJS,AAddddHH!!!KKJJSS
O{v,OO{vv
jC|Y-t#s?FugfT,jjCC|YY-tt#ss?FFuuggffTT
*CKq,*CCKKqq
E23y:7>,EE23yy:7>
y/$$0:6<~Jyrf|74S,yy/$$0:6<~JJyyrrff|74SS
"E

-a~@jY}1tA7V1","EE

-aa~@jjYY}1ttAA7VV1"
]e=,]ee=
2Dt_	}:++&U,2DDtt_	}:++&UU
"NZ2v6,*<","NNZZ2vv6,*<"
l,ll
S4l,SS4ll
X(_b$bDO>ZH,XX(_bb$bbDDOO>ZZHH
11G^H|?YbEcP)^l>^w,11GG^HH|?YYbbEEccPP)^ll>^ww
Uxc+N,UUxxcc+NN
<wpEBu0O\G,<wwppEEBBuu0OO\GG
61,61
"*Ce""","*CCee"""
=AUW	I`[+)Vn:gt8//z,=AAUUWW	II`[+)VVnn:ggtt8//zz
WtZpI/[Mi20tHHZU,WWttZZppII/[MMii20ttHHHHZZUU
>C?Qt	3,>CC?QQtt	3
"&""C@2R""2j\X\;S+bJ^","&""CC@2RR""2jj\XX\;SS+bbJJ^"
&GXJyhJ4mJv7[#0V	se,&GGXXJJyyhhJJ4mmJJvv7[#0VV	ssee
3GMRoS`m!/(9JY,3GGMMRRooSS`mm!!!/(9JJYY
"P""!Vwk","PP""!!!VVwwkk"
j|QX4zQ[w,jj|QQXX4zzQQ[ww
n8t)=U}@_C4~ ,nn8tt)=UU}@_CC4~ 
"c""d#SFj	FR6R|n>","cc""dd#SSFFjj	FFRR6RR|nn>"
`P	ZO,`PP	ZZOO
Z?u(ymQ(*,ZZ?uu(yymmQQ(*
"BV
HJS.{J","BBVV
HHJJSS.{JJ"
"d>
2ctaCU&c$2DIBort6","dd>
2ccttaaCCUU&cc$2DDIIBBoorrtt6"
"ty""#","ttyy""#"
y'0GfHy,yy'0GGffHHyy
`,`
"YFR`""H","YYFFRR`""HH"
JS,JJSS
Exj6Mpu,EExxjj6MMppuu
E,EE
A17P,AA17PP
<V97z,<VV97zz
)QtBg%<Cl,)QQttBBgg%<CCll
"cZx""]U","ccZZxx""]UU"
P$xM:>K_,PP$xxMM:>KK_
O!+bM ?l,OO!!!+bbMM ?ll
mkt$XXH?khid.)|t[-0,mmkktt$XXXXHH?kkhhiidd.)|tt[-0
"1.""\~X%J9C\vsa^N","1.""\~XX%JJ9CC\vvssaa^NN"
"$oQ\CK?K$i1J>7~,/%G","$ooQQ\CCKK?KK$ii1JJ>7~,/%GG"
"YvEaHkv9T;bT,
<d","YYvvEEaaHHkkvv9TT;bbTT,
<dd"
4VJ,4VVJJ
I7Dv`],II7DDvv`]
M33vZW80nBP!*,MM33vvZZWW80nnBBPP!!!*
Ij'ZqfWn,IIjj'ZZqqffWWnn
"_~CHh-|`smqqG,u\-W","_~CCHHhh-|`ssmmqqqqGG,uu\-WW"
]Myny9FjB,]MMyynnyy9FFjjBB
Gybj,GGyybbjj
S{>YEum,SS{>YYEEuumm
nH{Xdli.~K>mx[_|e9z^,nnHH{XXddllii.~KK>mmxx[_|ee9zz^
"Cw""(zDd%3!x","CCww""(zzDDdd%3!!!xx"
p0~N-n&\}UJwwy8$'wBg,pp0~NN-nn&\}UUJJwwwwyy8$'wwBBgg
F)k_5VuaJ9>k5p]ny,FF)kk_5VVuuaaJJ9>kk5pp]nnyy
ZF6=,ZZFF6=
YPB_Uz\nCw=lhv,YYPPBB_UUzz\nnCCww=llhhvv
3\0x5qdw9f,3\0xx5qqddww9ff
"1Amq`,
@D","1AAmmqq`,
@DD"
pa`U=L7s6eY.|%D,ppaa`UU=LL7ss6eeYY.|%DD
x	XI[f7U,xx	XXII[ff7UU
?Kuo,?KKuuoo
NAlNPw@'A[{!ou#!?+,NNAAllNNPPww@'AA[{!!!oouu#!!!?+
SV\ac0JjX.,SSVV\aacc0JJjjXX.
XX)L3<K;3 ,XXXX)LL3<KK;3 
*BK$,*BBKK$
	,	
\	pLe44@xw]L`c>36,\	ppLLee44@xxww]LL`cc>36
"eaWI^3mw2""^*.O\#A {","eeaaWWII^3mmww2""^*.OO\#AA {"
!`Q4T,!!!`QQ4TT
>{51z3,>{51zz3
M1k:G-.`({,MM1kk:GG-.`({
B(j,BB(jj
 +W@ 6NDUv)Vq*0b;5, +WW@ 6NNDDUUvv)VVqq*0bb;5
x-vG	|p+Sk9`5>,xx-vvGG	|pp+SSkk9`5>
KrS,KKrrSS
"nt`}d`	hP""","nntt`}dd`	hhPP"""
"(4P
!n5=U1!8","(4PP
!!!nn5=UU1!!!8"
"N"":0!%C}=i^\ZS;","NN"":0!!!%CC}=ii^\ZZSS;"
Ud,UUdd
)'-,)'-
"/b%]rXr~1.K9,*+E'ey","/bb%]rrXXrr~1.KK9,*+EE'eeyy"
E-Fzp	b=!;-c,EE-FFzzpp	bb=!!!;-cc
`Yk{_YR,`YYkk{_YYRR
[nWsq\I[kAyE8@Ha+ )y,[nnWWssqq\II[kkAAyyEE8@HHaa+ )yy
	qvV$s{S<|we=K6NTgZ,	qqvvVV$ss{SS<|wwee=KK6NNTTggZZ
"!,0DcSu-~H5""46	)","!!!,0DDccSSuu-~HH5""46	)"
"SnE
eS9","SSnnEE
eeSS9"
p|^1NsKB|,pp|^1NNssKKBB|
y2bYCJ`O[,yy2bbYYCCJJ`OO[
E,EE
fm,ffmm
_OWn7O*3f,_OOWWnn7OO*3ff
eh(=<X[5\@J?JIWU%g,eehh(=<XX[5\@JJ?JJIIWWUU%gg
[VAHeQ_,[VVAAHHeeQQ_
OqGdnDNv%Lg#laXv,OOqqGGddnnDDNNvv%LLgg#llaaXXvv
"~z,~","~zz,~"
"W[={*u(LuFi
(#l`.L","WW[={*uu(LLuuFFii
(#ll`.LL"
Y)?7Oxm2oAe0,YY)?7OOxxmm2ooAAee0
63b;(@$Pw&5P,63bb;(@$PPww&5PP
}dOVb<CGWB*MjkXg#DE,}ddOOVVbb<CCGGWWBB*MMjjkkXXgg#DDEE
o1)]B?&b+.,oo1)]BB?&bb+.
"hj,[{CM-;wNEImmE","hhjj,[{CCMM-;wwNNEEIImmmmEE"
(k^,(kk^
f:,ff:
"?Hd+>D_zTvDE)}wq$,4|","?HHdd+>DD_zzTTvvDDEE)}wwqq$,4|"
U?Ko,UU?KKoo
",`xf	?pE5DCr",",`xxff	?ppEE5DDCCrr"
6 Xsx!,6 XXssxx!!!
FAv_3GuRWK|u,FFAAvv_3GGuuRRWWKK|uu
",B{[",",BB{["
H[eKR6,HH[eeKKRR6
WO!Ga2oH}L^!,WWOO!!!GGaa2ooHH}LL^!!!
a,aa
%5N,%5NN
{?bUkGj,{?bbUUkkGGjj
K9yrcP&BG7I{@=,KK9yyrrccPP&BBGG7II{@=
v}',vv}'
%f:1aaMIl,%ff:1aaaaMMIIll
LRF@vJZ/5/x7Zq!T,LLRRFF@vvJJZZ/5/xx7ZZqq!!!TT
_>]xCnd,_>]xxCCnndd
)zGhh{,)zzGGhhhh{
!ywb\=O7	!O&0cptrl}X,!!!yywwbb\=OO7	!!!OO&0ccppttrrll}XX
",{Z\vi?PML ",",{ZZ\vvii?PPMMLL "
{Un~J&*ZT,{UUnn~JJ&*ZZTT
e<dV|'R+,ee<ddVV|'RR+
d!Ml,dd!!!MMll
$b5=9,$bb5=9
 S=, SS=
3hERekY)6[Q<[>f,3hhEERReekkYY)6[QQ<[>ff
FwrU(eDhEBO+02,FFwwrrUU(eeDDhhEEBBOO+02
"22 V?'O9v,x8a$","22 VV?'OO9vv,xx8aa$"
*X(q18uc@M\/^W~z	Avl,*XX(qq18uucc@MM\/^WW~zz	AAvvll
OZTbTCyV,OOZZTTbbTTCCyyVV
o!O(*^w)[,oo!!!OO(*^ww)[
"""T.})^dj\@rZ]H/RU","""TT.})^ddjj\@rrZZ]HH/RRUU"
	8xN|O,	8xxNN|OO
"%IvR,^@dxd ","%IIvvRR,^@ddxxdd "
"=B_#1Rn)b1\wbv,~4V?","=BB_#1RRnn)bb1\wwbbvv,~4VV?"
s|ZjVvF=,ss|ZZjjVVvvFF=
226,226
KxYlYD/l.a8,KKxxYYllYYDD/ll.aa8
.XL.F) ug,.XXLL.FF) uugg
0B{xa:,0BB{xxaa:
[(y^)Y3.6ujx#7,[(yy^)YY3.6uujjxx#7
RLWn,RRLLWWnn
mR *r@sxy\+1;/,mmRR *rr@ssxxyy\+1;/
y9,yy9
"qnB-0z,.+W4Z]","qqnnBB-0zz,.+WW4ZZ]"
V=pdZ,VV=ppddZZ
"-OC""k/uw)%Rs3}y\Q>","-OOCC""kk/uuww)%RRss3}yy\QQ>"
Fw/[jq;]W{G@p0g/>,FFww/[jjqq;]WW{GG@pp0gg/>
Hb_bgmkj[MY,HHbb_bbggmmkkjj[MMYY
d>YiFHf,dd>YYiiFFHHff
fa5$y,ffaa5$yy
wF:Mhu,wwFF:MMhhuu
!nrXTUcb|~gyR0n/Y,!!!nnrrXXTTUUccbb|~ggyyRR0nn/YY
J	h@;;{%j(7F'B.rr-,JJ	hh@;;{%jj(7FF'BB.rrrr-
/n	3fbCs1JGp~`,/nn	3ffbbCCss1JJGGpp~`
G%pS!/PUYy{6~k'x,GG%ppSS!!!/PPUUYYyy{6~kk'xx
M]u:7,MM]uu:7
;W,;WW
q8:wU}T,qq8:wwUU}TT
k)I,kk)II
=O+a>IsT0r\(I~,=OO+aa>IIssTT0rr\(II~
iL`}(+03pd8/,iiLL`}(+03ppdd8/
"RgW^DsE~4,:ee4>\u","RRggWW^DDssEE~4,:eeee4>\uu"
:Cktw2|61!(]$,:CCkkttww2|61!!!(]$
}7r+jy(G;[[~XN6Y,}7rr+jjyy(GG;[[~XXNN6YY
hQ+U ,hhQQ+UU 
!a&g,!!!aa&gg
Qwd+}kzy7rX,QQwwdd+}kkzzyy7rrXX
"jbHkdA-S
uF^.I$E;","jjbbHHkkddAA-SS
uuFF^.II$EE;"
|gAvCF7Eo3[u+/,|ggAAvvCCFF7EEoo3[uu+/
Wrlb/h+{lY]RO%R{)O,WWrrllbb/hh+{llYY]RROO%RR{)OO
f,ff
KvL!/_@p~,KKvvLL!!!/_@pp~
"-`Hs*y#""O DDF3M^a2","-`HHss*yy#""OO DDDDFF3MM^aa2"
\o0egtkVCiH@%W3U,\oo0eeggttkkVVCCiiHH@%WW3UU
?wDzxc3,?wwDDzzxxcc3
)RTF,)RRTTFF
">jpe'I5-""N}=",">jjppee'II5-""NN}="
wgCL4{>,wwggCCLL4{>
"|lyyp5T\(""6Kk~	H","|llyyyypp5TT\(""6KKkk~	HH"
f]F,ff]FF
"WP.yApn[Z	X&g-""r~R*","WWPP.yyAAppnn[ZZ	XX&gg-""rr~RR*"
x}7H3^/0a9Y;2A/X?,xx}7HH3^/0aa9YY;2AA/XX?
WH(\V~2^[+,WWHH(\VV~2^[+
"<s""<Vf99","<ss""<VVff99"
Ga=svr}@A),GGaa=ssvvrr}@AA)
Z[*EZZ]o-#2Z.knto#e=,ZZ[*EEZZZZ]oo-#2ZZ.kknnttoo#ee=
BCGat,BBCCGGaatt
}w8waN4x9Iuyu-kE F3T,}ww8wwaaNN4xx9IIuuyyuu-kkEE FF3TT
"
Q1\t4S=K","
QQ1\tt4SS=KK"
o,oo
	:x7p>,	:xx7pp>
"6FT 
xy-","6FFTT 
xxyy-"
MY0Q!r/,MMYY0QQ!!!rr/
[R*D>_&dhz)V'=4;D/QZ,[RR*DD>_&ddhhzz)VV'=4;DD/QQZZ
"i$'V5	""(","ii$'VV5	""("
}Uk1u6TAij,}UUkk1uu6TTAAiijj
Y,YY
R?5RuG5b}utSG.Bg,RR?5RRuuGG5bb}uuttSSGG.BBgg
"p~*""vXt#*Ru
$15M","pp~*""vvXXtt#*RRuu
$15MM"
