train_input_1,train_input_2,train_output_1
,,true
,h,true
i,,false
a,a,true
b,c,false
n,nn,true
abcde,c,false
c,abcde,true
r,mnbvccxz,false
abc,aabc,true
aabc,abcde,false
abcde,edcba,true
mo,moo,true
moo,mo,false
tree,though,false
rip,zipper,true
flipper,rip,false
hi,zipper,false
dealer,dollars,false
loud,louder,true
ccccccccc,ccccc,false
clinteastwood,oldwestaction,true
clinteastwood,ldwestaction,false
verificationcomplete,verificationcomplete,true
hahahahahahahahahaha,hhhhhhhhhhaaaaaaaaaa,true
hahahahahahahahahaha,aahhhh,false
,qwqeqrqtqyquqiqoqpqs,true
wxyz,qazwsxedcrfvtgbyhnuj,true
dddeeefffgggg,gggffggfefeededdd,true
gggffggfefeededdd,dddeeefffgggg,false
st,s,false
xslldtzvrraseboon,zsbetovxvn,false
ssvdbvsegvgcncjxilaj,jveg,false
trp,pkkt,false
hpcyyvzibgsfgbpg,zyggbvpg,false
mtfzqzfrn,tzrcfnfzmqlfm,true
flxa,faxl,true
satcmdfxbngla,pldndcqxnzqavbmfusa,false
xujlrel,felbjulx,false
sdgxudxocegzfqkpxzto,cuzggtqzzkdoj,false
zjtramvcrthxksllyc,txv,false
x,njjcohkjvvqpxk,true
jhejzdvctsdzbijtu,ijzzudkstetjhdj,false
qwktonanevoxmkmggugd,oa,false
rpamsmkhcvobe,qovmpmhrmbccesczuak,true
elmzrsriwfm,zfwiyvfkwrvzryemmblm,false
xymecwk,hjwtiaxytemck,true
min,mgcxniuhfju,true
scyqvjwipxcampx,mjkprybapcvpqmywahvx,false
tsmmquqjeyma,muwdqejkpeysamjtq,false
rhtl,rljthtvjxl,true
erpcpqnegu,uepjcqnejrzb,false
sbzh,zbkhs,true
fjpvwb,fypvgbuypuxwumyyjy,true
ndji,ndijwj,true
zeorfaqtod,ofazr,false
bhkk,khbhek,true
kgsv,cxhygrsrxcvgbyix,false
yunddgp,eddpgqlyun,true
tz,tf,false
e,iti,false
w,bxvueeyeumwc,true
bvol,bkloteylobmvg,true
uxrjsilvblmaww,iwsuxblxjmvalnuwr,true
dyrhyeo,eohdhoyi,false
wisvbkim,jsbkwjmiiv,true
unsacjxmgiju,iasgxn,false
utbs,dxoqsipbt,false
hlbunrixhbpxnnoknpl,lunwlnkpbrxonnb,false
t,zmvcwtf,true
pkhwc,khwsfpc,true
ywbquz,uukzdeggqwzwjqq,false
da,xaxlqcpjppvdoxzw,true
rqtt,trq,false
ccrbpyhi,cbhirpiy,false
bhvtypjjehuia,jtavebjiyhugp,false
d,qud,true
zlqkccoxxizpjcim,xzjqmoeiccxlcp,false
bopdpueh,ubpopgzuheki,false
ie,mpkroysdeyiigfwv,true
mtynvhehwwjku,wyhskchmelnvwguh,false
nan,nann,true
zdqmsxp,xsqdz,false
g,bswtrnybiwcogmtg,true
rc,cr,true
h,gdeorgh,true
tlkclmdswp,twhnclqslmbgkpmd,true
blsbjn,jbsbln,true
d,rdmfxpk,true
r,r,true
xoouggvpsqspoa,ounoaqpgpsovxblgdv,false
oighwniaktrtkk,thak,false
ldegvybham,gbamy,false
xxlphkjzoavtm,zkzxtxtpjhmav,false
yb,by,true
aqrkfdt,t,false
mdekkzfsi,imzekft,false
f,t,false
w,wz,true
odkwm,wdopm,false
y,dmiuyewsxjiaeh,true
qbsebamx,bszaeqnsvxbevm,true
aypmer,rakmepcvxy,true
rkl,aklpart,true
c,c,true
uxiphw,uw,false
hbpdeee,ohwveedovesawbpxaqn,true
xliymo,cuizfoxywr,false
q,mqm,true
vxoygizuqmng,igqvxyuozpmn,false
lvleiftixkxilhntu,iitihkxvxeulnllht,false
ewa,euw,false
gr,gr,true
y,iqkwx,false
nwbiisbnczd,ldwnczvnbibisr,true
jpfifmubopvacqyyvuop,ioyvqpcamufovpbpuyfj,true
qjww,pwbowq,false
xy,pterqzx,false
zaqtqy,zqkckpqcyaqtz,true
mf,imf,true
t,bteblcxxno,true
xjjtgbgmhfkczl,zhxgjlngcktjgjmffzbw,true
bdjcnzupqzi,zzngfpqjjujtndsic,false
b,bszqndbhyet,true
lgnzenuwsynmtzubh,ehntugmpnznzlwvsuy,false
xywdbpufelma,alanxpeyudbmfw,true
ayreuhp,prwworwofovymymebahu,true
aewa,eaawv,true
ujhai,ujafbhmhi,true
yh,gyhneqzkdtzvkchf,true
v,vngo,true
dtgva,fqgvtsxyk,false
c,c,true
tqueuyg,edgsyuytikqpu,true
rqavyplpmrutp,uymrvrosbpqlplp,false
kxgsedg,gsgkedx,true
i,i,true
rnqmsdfxeea,nfqsneaeduwrmxg,true
ntiunx,tnuinx,true
nago,g,false
sf,ysfr,true
czilck,cckz,false
nlnw,l,false
w,hwvnffpp,true
hexgqmojivxyaeat,ocfixfgxheateyvqjma,true
nnehyuq,qnhuyrkgctbxem,false
ozkfosq,qfkoskoz,true
pf,ufptta,true
fishxjwhbk,khwxshbj,false
ebuugwlza,zcwaugeul,false
c,ecsjybpgh,true
ees,shbjkcoxgbmuuteqteo,true
viejzannk,enzjknv,false
z,dtzcgyp,true
lrjirehstlsi,ljsorlistieht,false
pzbdfy,bdpf,false
nipojeqxxzzbl,aoxnsxejpzqilpzi,false
xhoinhzn,nnoh,false
wxnkgu,xgunkds,false
mwrqchltmcwjd,crh,false
dhuj,zhfdupormvj,true
xvkmdulwdmiy,lxvprdivmpjlmwudm,false
siqyazrtgf,ziftga,false
opyehcfnkomjvyxt,oenyvyxjmteckjphhf,false
pdxrvrhy,evkdqhxrzryr,false
u,evvuoiksoreqfeeoagoa,true
hv,klxvbxsnzh,true
ikxrm,rxmix,false
gpwayqboyo,qbgowrayy,false
x,exbz,true
ak,kaw,true
emkl,lemkegkzmr,true
y,vnhyy,true
nk,nkb,true
znjtzvnopnzckd,o,false
i,acwkrziil,true
ub,seibkzhouib,true
uubcsycswqhqlm,qmhyciulcwacusxvb,false
ogkqcqxcjsrqptgoqsah,csagn,false
futhfiajkecs,itdhfcbfsukfakjkie,true
dechkg,mkujggtewdgchs,true
ncpgtmmfb,tmmnbgftpcfebn,true
btvax,tvvkmlx,false
uw,uw,true
bfdmhlrza,zdbyl,false
a,a,true
vzgw,z,false
bm,mnlbwr,true
eokvanhgtb,gio,false
hxug,xgsguhk,true
rrnvx,rrkxjbcwnilv,true
mumserfmugiwxynszmal,lmksxiyfawenwmmr,false
jgwd,twpgdju,true
kt,ztky,true
jc,yqcjj,true
vwys,tbrsspwzwbynlv,true
ccv,gcvtqmuoc,true
b,cifb,true
c,c,true
fn,foi,false
test_input_1,test_input_2,test_output_1
xfuubroohimyhg,yhoogyrhuxfupzbjm,false
s,xsp,true
r,frrr,true
aen,nekjfyvhjanhuymcwbd,true
gkfw,bqqcvwknga,false
uvoqmdpmfxpvxtcgwqh,pgwdghqpmfxxqvu,false
c,kqcqsjsj,true
aly,gyqliomi,false
yhkfpiqvlquvpkfsw,blkivqhbpspuqffges,false
ymdgm,dmmdvksyszng,true
rrn,nzlwsrrtpygjzottq,true
tqlec,heltqcw,true
mjmvhwtjtdjtdt,jjvdtemrdmwtttdjth,true
xytfzgt,fytzfgtx,true
kvcbogbu,pegbbykokuvzpfc,true
k,k,true
qxygieidxc,qiyyqdiegxx,false
fb,wcbjeuxfw,true
crk,krcs,true
s,hewgivsm,true
ww,fswrtmceiujxuazo,false
lqicya,lqaick,false
xpj,jfpvkp,false
njwkpkbhd,kkaapndvkwhnbjwy,true
nifp,tbihityuxxqunfwn,false
gzencurtwyqyafpywj,h,false
aqgzeeidi,agdjaiqeiz,false
zgizu,gzzxbiu,true
miuomw,ugwmgmpemiod,true
kf,fmkfzlf,true
o,fhwozupopdtebcacxk,true
z,xz,true
xqeiuip,gipeiplixpfqospuzmpv,true
lwxaicvjqehzjmds,lqe,false
psu,usjpzuz,true
dr,jirdg,true
zarpvb,vprbtz,false
biqcb,qwlqcvyjjbpccufirb,true
phnuopuwjxjbkitwxx,xxjndxbwonktuhuwrp,false
peyk,kdpe,false
jqzmsvqzugtqrc,zhzutqsdzqkazqsvkjmr,false
szhdldqg,dwgfhqzdlshb,true
nc,nc,true
h,h,true
civirsnuit,veinmltrcfush,false
ypqc,pnpsyjwcqay,true
bsfmpvgxzidb,pzwpfbdbxfsidxgm,false
jbwbdsanqc,jjbqwsybaddacosn,true
swlf,ezfslzvgtmynjw,true
gto,ogte,true
fueumlwyulr,uefyuufllmr,false
cn,nc,true
jsupoyfzstu,spufjuos,false
aqrhbrtd,lrhzachtrqbpu,false
vvc,nxracvyvqjvvgkol,true
igrrhmzqmtomh,rihmrmotgqzhm,true
m,vnfflikhnxqmx,true
iorgx,orngozqbnoigy,false
dsndtz,tddn,false
pdztrqse,pd,false
faghzvzv,ghzf,false
pij,ietjqzwbnxxoxypqi,true
nynxjj,ynxnij,false
ayuydtgkolohwmqlyky,fmkqt,false
wopdrkzoigokilvv,kkrbdlgoowihpvvoz,false
yknkuniozj,znybnkjkxu,false
ptrp,blsrapfeaiiwtkan,false
gxbnvhif,norgviflchbqivxn,true
onzxnwk,onwznxnk,true
julknyskcgkqkpkxh,chggkjqnkx,false
d,evkc,false
h,lkhqd,true
htgfbw,gfiomuhkrontvwedb,true
hv,yhvuzymlom,true
fdy,bwloardcwyljftm,true
nxvxzfpwdtlnolcsl,dsxonllcxzoexvwppltf,false
poptlrobyoteuepman,eopzopyettubnrpraoml,true
bpzpsf,msdfpbpfuzz,true
gafq,qgfas,true
jllerijjj,ijclljjeqjwjo,false
m,lmu,true
mbt,misktbu,true
bam,dbjpomarfwso,true
ibxosqnnpmuy,nsnsuozsgpxeybqim,true
m,mk,true
pz,qrkpzevv,true
ieucjwqffirteo,eciotfrewq,false
hnukhucspzxklt,sulhuothxkunkcpz,true
iizjor,ibjzonp,false
qkvkar,owfqkrviakmcwnktd,true
qcieuxmrnf,xduqroifcjem,false
ffkulzi,falnhivwdfzciu,false
dp,cpg,false
bqa,artkqbdhptqgoqmqbev,true
oenavgakngol,agngvakolone,true
xvpjszhmayqwpqbukrcu,mzphqpbqduu,false
bvjeps,epjvbxws,true
f,nyuyopvfk,true
gsgjex,tcoxmegdjuetshef,false
uxqhqizcvdulufosbtdn,f,false
srmfmtgqdpgxanlzhv,r,false
rxil,xirel,true
cpigitx,pcxtign,false
zgevsumc,zxecvmugs,true
pykesltbw,plyswystbe,false
eqfuszrqob,psqzuzfbfqovr,false
mzkylno,zsynoiklm,true
x,bxeoiq,true
blgbwdzlzgqulft,lugbfmszdbqkzdwlulg,false
r,r,true
x,xc,true
axifpbjvocywj,vcbowjfiaxpjfyqm,true
mylpazxbq,ayzmnblx,false
kydoecirai,ircaeckedaiy,false
nrh,rlnxhr,true
uvzgwnz,vznuwyagz,true
qpitcxoprcon,oxtqoi,false
mlvg,jlvg,false
dkycya,dyac,false
nzfepclypovuwffxqy,y,false
hwyeduvpkpu,ewppckyhduuav,true
xxrablh,xkyxzyalrhcb,true
ya,ya,true
jwmbit,igmfjlatgblw,true
kstzvwqekyvznjuaipwm,mtzuajyskvwk,false
ydpylm,pvyywtmhlgjmxdtopvmm,true
m,mstng,true
di,kdymigc,true
wrqk,rw,false
zpsevb,v,false
whnjooitiuhmziojf,opxzhtiiwuohou,false
q,iizvxmvlaqqdgduxt,true
zrrtkao,rkkzorwcra,false
mjmsosra,mrfjsmoa,false
uvqf,wuxfv,false
qug,gtmmukflqr,true
xqpablwfkctsx,pqctfskxwlb,false
c,bqpaxec,true
oqljypbjzr,nopyjxrzycql,false
d,nbnfseunrvbdh,true
e,ydbaywo,false
ri,rcoizb,true
riatvfjmjyc,rlatjrmzajceyvei,false
virxbzkp,zpivrfvbk,false
fwmsuqfqwgjtzrgs,gjwrfszmzfgqwust,false
akxrcpfgvww,riwdkoadvgxvprwcf,true
kdjbshcldvlnzhmzlx,dbhnasljfzkxvgldcmgh,false
bl,dqrxjtvucdbzvieah,false
m,mhg,true
wtzrilk,izleozwxdlkct,false
fpznlaenxuw,pwfxznelucbn,false
stlufzvlrpi,zdqtnscveplsfrlcuni,true
zmlgaraubwxihjsxw,sumrchjwhbznwlaxligg,false
hmhq,mvhfebsh,false
oazpkpalvn,lkpzaoa,false
glq,kztcolgjxcf,false
cmauexketmmiknuw,xwankeu,false
isy,xiysk,true
l,il,true
xpof,oxgp,false
lgrsfzdlinozv,fzrozv,false
mcnrxw,trmxdnw,false
aiaungprxso,aaragoirptnxpwms,false
cjtgvi,vigtcj,true
uetgap,cniukgatxep,true
zjoawiodunbcnowaxod,jwxnovzoabpcw,false
qwfefqrfputbynhydn,wpyctkbuqredyqhffnq,false
qm,bqm,true
i,ru,false
jegaxubgpcmwhzol,xbog,false
jfddp,wjldtidgyp,false
fkqbltii,itqrlbifkb,true
i,i,true
l,l,true
yrc,jgtrcvymrf,true
b,b,true
q,isqzgsawfk,true
wzzzgebbfwzyzfkm,zyzwzgw,false
xp,p,false
oes,ogslsuckhej,true
rk,awbrrt,false
vtuilijzchbbyvpxgite,ctjibbezlxtyvi,false
d,bwqfuddtdibacmygqbsv,true
ntponvk,nnptovk,true
rm,trqicm,true
gfyyzvgvgkckpejfq,vfy,false
mxphlt,htmxzpuln,true
fydphekwqgomoh,hkmgdoyfhpfqeo,false
bwnmtyib,yribnmemitonbtw,true
kvutddymnobtxywryq,mdktq,false
yalzzustjhyaoajndsx,ajnxzsazl,false
bawfwcuhrwtrb,hrfwwatbbu,false
pvqd,pumqdcveov,true
i,gahxj,false
yvlslufyfgj,sffvlluj,false
rfoinukfgftatsndhqpb,trqgbdnnmfu,false
rsdyiokqrtzj,kjheotryzdvbyriqks,true
v,gwvbhpammktjhqvhl,true
x,sylubx,true
f,f,true
rexofj,frexoj,true
nyhnul,lliynnlgqhquydu,true
qa,aq,true
tgsxf,sxfsyfliklwtiuic,false
lb,lsb,true
fjjtql,qljjtyfb,true
dlvjzdof,ojziddvclf,true
zdmvv,mdgvsamvz,true
jggbqqkqe,fqqeqngkggqbke,false
rfoyjfcwpcqsy,wcjcshq,false
xmh,pmxvoha,true
qlomxbefrk,k,false
l,tl,true
naqwviwlj,lfjtwyncqolnruyw,false
zypt,tz,false
mj,omj,true
ia,ai,true
defc,fgniddwex,false
tnngrbsdbujdb,dugnctsbjerbdd,false
ygujuw,yzjychitbmolkjgwpuu,true
befoxhwllxstnhvvf,felx,false
xdhsej,dexthslejd,true
wdqvaad,qsawvdta,false
ir,i,false
bx,bx,true
od,fd,false
r,r,true
te,et,true
ebhbdv,fcevkhedkbxgb,true
ukucjrmdiycbenuxj,jycmixukd,false
yy,ryyxnb,true
ljttgh,thtjllg,true
lrlzmkqplf,unlelwzfrklqop,false
cmzddrutmanuiqizprds,d,false
ztfszbjgdbddmb,fgubmgdsdbtdbjzzl,true
btkyhnhykehhcgxafcj,k,false
xrkwqqhvmdljra,qrardwhxjqvkml,true
mat,aitsrmnvqz,true
ihgpvscsg,gsuygmshvgc,false
z,zcub,true
yhynzbkvtryhkf,hhyy,false
x,xn,true
bmygcpgfmeyheiafwbm,gembgmeyfiauhbmfcpy,false
g,yjgfn,true
m,ip,false
rhewhytxmx,wmevrxyhx,false
mwgc,cmmwc,false
tefgclfcg,lbvgfeteacg,false
frgi,yfarizvrruoofznulsqg,true
hp,fophfc,true
sr,fsdgngxyriq,true
br,br,true
paxygfcdpybsbawsnl,bpclyfbsdnusypwaxg,false
ckxabtwmtgcwoafr,itabcawkp,false
m,md,true
sxcvpgwqzhx,pxwsxz,false
toqtzjnmy,tyzqn,false
lkekbkfdrxug,x,false
u,u,true
wjeglebxgwgwzgif,eggw,false
d,d,true
p,whp,true
fncdpphu,fh,false
esjhql,jbels,false
iswptgbcotb,sgctbtzwppkbo,false
zwehjqjd,ljwdjqhz,false
fnwbctbpdwm,n,false
acfogrvty,ojtravatffncvcyc,false
htou,uotklhzu,true
jxbhv,hxxj,false
eukdsxmrfln,fudfrsadzekjkpmcwble,false
kc,fukcs,true
rubftnqmlb,ubpfnnqmbrtl,true
kk,kk,true
z,nkerw,false
xxshx,xpajexsuht,false
guuevgcakf,gnuskavyaujuemkjct,false
fhsq,fsjhnqm,true
tqbuko,bqutok,true
bxvsu,suvxkbq,true
ihkhxnohnmo,itnomnsstbmxhklhotnh,true
sqzmw,obmsezbyxwo,false
l,gl,true
l,luosuej,true
rfi,firb,true
z,z,true
dh,hd,true
fyqzzb,gbcqnepyyjlzfziq,true
enwshsqvxb,qxbw,false
fry,yfj,false
cmnfxlyzrdn,nxn,false
outprhyscsfzzkcwwjbw,screjc,false
vu,vqpwku,true
pczr,eonxzbpqr,false
zewfj,hqjzerfwc,true
nyafyhtuqhks,kaqyyhnh,false
ap,ampl,true
gcrhleblgbignkrsxggb,brgegokxkbclnigrh,false
fkemu,ihabqekmesfexu,true
omh,hmho,true
gcsgtixsevmm,idyxgrstmvgcseyev,false
k,ko,true
r,hjukrxovgmv,true
bemzzj,blm,false
c,dmchtf,true
vox,xrov,true
uinhjukqdmmzd,qsjhuisumxkmdjzcd,false
ksx,x,false
wynui,winuy,true
khojdktylmttdbdirwa,oqt,false
ei,xcie,true
svla,wvsad,false
yc,cy,true
p,p,true
neb,enwdb,true
k,gqkzlvhhxiwftll,true
vp,t,false
khajzmu,yatxjgthkumdlaqgnzq,true
aqrls,qvassxfhqlrp,true
trsef,nrfegts,true
rtkybjkwzyo,yzjrwbnkky,false
pho,iopryfhflyan,true
nnpuchgrjxqaj,ppqnajncgruhxj,true
xjycsqepdecldb,xjobcpqdxclecy,false
hdlhqa,lhhhadq,true
tnbbxyvkz,bzvstuuyvkkxb,false
r,r,true
lunir,unlhir,true
whs,swh,true
crbus,zrbcrsu,true
buma,qbufram,true
bkxehrbmp,andkhbxpebh,false
tv,nbst,false
pxd,apfeajjefhwojdrxi,true
rux,gugrxro,true
ooh,o,false
zhmsasqui,lanizrsuqwhixqsrmcr,true
eych,yc,false
lt,tl,true
el,euei,false
omljdvwijqdi,djxjqjlivvmowis,false
vs,jvegs,true
dmm,mamd,true
ghvzrefruye,reruvfeyhgdzvr,true
nckn,ncnk,true
nmicbhj,ibjmajn,false
oufdotlsbhhj,fdubslxihdjodbhtyoz,true
hyaii,imwyhgxbhamiyi,true
pdzzgggo,gyfupzdggoejze,true
fsloasrd,eholssasrfd,true
bhxffdqekqwjej,hjbrqxffqwadjfe,false
gqfmrpbeqessmr,eesrgpmnbirfqmhq,false
qvbolefuk,bqvsksulo,false
duvzo,ihfoosvdbyutnz,true
phwwwiqcasvu,bwwuqsschiwagv,false
ljz,mlkrjudzum,true
aelww,newkallowa,true
xwqkkghvzqxfp,kp,false
uhemovkrqco,heou,false
aeywgo,ztwamoyawwe,false
vkfjfcqxcgbzq,qb,false
yp,ky,false
mid,fkienrzidfhzjhmiui,true
ggd,jmgjgmadvgoslr,true
pbgspgcap,spfrbppgaxcgaygofdv,true
j,j,true
gxlxsku,ux,false
hqrmiudjksmtxnqsemuc,nesmtuuhcqm,false
hkonyaisxhp,knhhsxyiopx,false
xnfuqsfwzap,zxfnsguqapfw,true
wgvncuse,nwpuepghusv,false
u,jnqtpuj,true
emfxu,ufzktexuxmyukxjc,true
eblsmgveiz,ibezmgysbl,false
cexaxzjjzoahhy,adzyoxxiejhzacjdkth,true
bfqdfmvognlhlpdk,lfnbglwhmddq,false
ct,tn,false
jnxt,njtx,true
sp,hrnmqps,true
sqgivjnosicgal,iovzgcwjslgqihi,false
o,qbgo,true
q,dgoqoxiovjaf,true
gylanidimuab,dnaslumgcsbaii,false
eawavrgb,boueavraga,false
bvnyjn,ynyjnb,false
oik,kldddzzjwyzioiy,true
tsoekggfbdqvrvfr,v,false
riugslrna,giasrlurn,true
offba,kbdasloehwkfxlib,false
onnigsv,rjzonqviisgwzw,false
yxi,iniyx,true
xb,snfixb,true
h,jhtrfladdcgzdyrwy,true
vt,trlmdvxnps,true
t,t,true
j,j,true
iyoneou,poi,false
vqsyhy,yvshqdhy,true
vnpe,dzpanqtiemiyiv,true
uf,qkfgoc,false
ciqruqkcjbpphc,kuzwctqjpchoiqmbkckp,false
n,bn,true
szbjjeyhyfzaxiewd,gbygevhaszejiwjfzyd,false
q,qt,true
qornekpjxqzwnokgm,gmknqjwzoqxepkrno,true
ubet,tefu,false
lu,lu,true
nwlyrcnj,nwycljrn,true
lnfgftvw,iwflgsymfptqevyxn,true
gp,wpn,false
f,epwufykymmspdzhflhsp,true
g,xgzb,true
xcrm,xrcm,true
mpww,p,false
glqjrzmyzvrpn,prmvygligqnrvz,false
tbxoxhlsxplrvmnbob,btholvxnlrbwpox,false
hysfyfgmkd,fykgmiyjsiksfih,false
lubk,ublk,true
nmhl,chdarovhaufklpwmznpp,true
oilccnadyecsepqepoh,cehlopq,false
xe,xei,true
a,paywcixroskewmt,true
ryapmv,adxhipyvrwmsrq,true
rriisqlasfvexkqhqvk,siqe,false
fajezqfv,armlbqgdvgfoezmjt,false
ah,avla,false
l,kmhtly,true
onxfg,fgnxo,true
asg,alsg,true
eolkkvei,uvokldegbe,false
oobzagn,ozecsdlgdkmbnao,true
brfun,rfbuqn,true
iqlm,mqsil,true
dnlv,vjohdimdng,false
ejofzjkwirreug,hoqerfejziwrugkwj,true
olw,jlodwzq,true
sxpoudfizxkk,t,false
ueentime,eseimnulxtetj,true
uz,zxzu,true
uub,ebubboyqzdvamozdu,true
xa,uejqaxz,true
esiievw,eoaiqdjzrsfzgetwi,false
hahqrfa,rqafhha,true
cst,ckbakppqvpthjsp,true
kikrpnvthe,unkiktyreihpv,true
ibb,bbifk,true
gwnv,mmnpfjbicgyvwy,true
rwujulx,luxwzrlccmujgejqmh,true
kucujzbcysjo,uscujcjyzbkx,false
qqeanc,qcezqmano,true
v,dv,true
e,une,true
whssjys,ywshyevgsrsj,true
oysr,yors,true
tqporxknniohzy,rnsnpopsibthxonzq,false
ebqggvzbpshhdl,gfzglsovbhhpeuq,false
mvbyjcqzjw,jawhczkzryyjzlmvuqm,false
v,v,true
l,tmitl,true
xnsd,eoynxoeimudz,false
gj,bevnfplyxjpjgudab,true
vaafsolcxgovaqkqw,lwkogqojoavcxvsnqalf,false
n,xgavkbvhlieuxjbix,false
z,z,true
omm,rtwbmdzzjxommywu,true
dknbbnu,onludklbbgn,true
thtdmpglzttpzj,gdpjzttt,false
rtec,rerntc,true
cwulutsr,rsctu,false
lnerrligzgtkugkp,kliblgggkkutznrw,false
xyvbtcecstacc,acbvaxgcytsetcr,false
zfrc,fprzectxu,true
raesiyimgnvwfyckjwkt,tyckwifgiarjsiv,false
ntxc,lxtcg,false
g,uel,false
sknajpr,kjaydrprnbrsbhsj,true
rxqbudiimudfe,duvbqrffuwqkxvmfiep,false
gqkainsx,zkinaxqpsg,true
oul,umoelfgeo,true
usndfsfaduosysiru,dudfmrysssiuno,false
plcmodnpbzvq,mxbtpdccoqgmnjjklv,false
w,wl,true
e,e,true
zjayvqxwbjqknrx,vzbarkqoljmuknxayx,false
cceaskvdzjruczfxfa,szaju,false
ugrbxcc,gzhcclufuxr,false
sstk,snktscfdyyy,true
xuc,usxc,true
ekyjoclaojw,wcdbkowlieyopjmiajj,true
xpyvdatsnchhhugvkw,hhaxc,false
syptmzekq,zypzpskqtmey,true
da,phmad,true
afk,afhka,true
r,xr,true
yibmdszhhedgclnh,zdnehs,false
t,hmxntkhdeg,true
ogfayetvjll,hvelgimalhofy,false
zj,zj,true
adoek,ktarhoqoxd,false
suddyrycoqxmtt,srbdcoq,false
ejxlzetyvokd,nskzodevtbxykvz,false
jzl,zjl,true
uod,tqtywfutdmnjsvmvna,false
s,wevtsaq,true
wjqekt,kltjewq,true
qrdecvnonylmkwkv,wnekalv,false
zfx,x,false
aozbyu,buayoz,true
agzxlhepl,pzezghlffblwno,false
cfruk,uflxbogbvksrrcx,true
q,qhu,true
chtxh,yohbchxhl,false
waghx,ixgqnahwg,true
tnffnzc,hnvakftfcpwzlsgpn,true
p,ph,true
obctcaroap,orbznajbguctocugh,false
t,tmzt,true
fynfatzshzhb,hsnynzshczbmtfmfa,true
kc,lugpjbucbdigkdcjiydv,true
ldxt,tl,false
uszrg,u,false
jmik,jmki,true
w,hfgloiyikziwgnpobeiy,true
tyawkk,atykkwu,true
xrlqo,odlizgxqr,true
xvoego,cesexqglvoxwtjvt,false
ypyzkfbil,pi,false
abrdwfhtne,eybywetrfnzquahf,false
klighsfci,kilhrclgsaf,false
ad,df,false
mozd,gpbmzodek,true
wvzqyx,bnvqxrxzqzflmyv,false
wwotnci,tgwnwpico,true
zahasqzafmr,sfzha,false
givonnab,zcissnaxvbndgdztzab,false
gds,ddydyspmnkxfxkmmas,false
pevp,bpdjvpmkdvewvoslw,true
gm,ghd,false
ck,kcjp,true
z,dgz,true
zffcuym,mfyfnzcyoexuls,true
j,d,false
jp,tpvmsrj,true
wuwh,wwhu,true
iqrmhn,mmxwvcrjknhnihpqjxce,true
sxmyzqunogpat,mptuasnyqgzxo,true
vscvhcjcz,wchzvccfjlv,false
eabvrgnicajvq,tjarvcgngbyietvaja,false
r,r,true
xxoj,movwqrxujfxv,true
hz,uzhu,true
vf,uwycfvdr,true
arymyj,mysljxrldy,false
dgjgbhze,gdhgtbqgzxej,true
k,ozlkcyqetlqta,true
fjyagkbwthnkasduiyv,kavsuabfyhajinygwdt,false
vykfeh,fukvfvkyealh,true
kbiokpealh,lpibkkyrlwaeko,false
zm,tmz,true
s,zskxwi,true
v,vp,true
gmil,ldmig,true
avl,rvaoadnrlygotplgevk,true
wmnrhqcxm,jynxhwxaqmrmwbcqb,true
enpb,enpbptji,true
qigyly,xqigsglglsd,false
fj,j,false
yqbxuz,qzyubx,true
waxh,axhif,false
xmonbxay,xxbztonoyma,true
kfvjniff,ikvyzfnj,false
mwdnqhhlhhderzcv,lnrdrhfrecvwqhhmzd,false
yczgpfvtxvjc,cwvpqfyj,false
yakfik,zfamkwtkyaif,true
yaptlncseymv,eswriyvoniacmflytpe,true
uxyl,pecjxviodceqtaxly,false
msfgeameuktuyzliv,enpggtiafeumtkrusvzl,false
qqtwh,wqmxvhqttmo,true
xbomwx,mwbx,false
tqba,qahybbjmoaxht,true
pnsmhsvftfps,hsvhsvntffsvhtxp,false
hripyvscol,pcsohypplvrio,true
i,dcpxeykiycs,true
qkjoyz,zoespkycijxe,false
dnugl,nldut,false
lor,lor,true
ir,atgdosukqir,true
cbucswjd,dxhwilvecjmsecbg,false
utyj,ehufyyekyxafupts,false
e,geo,true
opoljnuo,upmpcoowojloni,true
fb,ugptf,false
yuaet,aetuyoj,true
s,cjr,false
dyrzxyiguilygxaxon,lyxxiynoagaizuexyg,false
xkct,wcmkexl,false
n,nll,true
vtawmcboksuiv,iavvmpbuocwszkt,true
ubahfbuqxjzcambdgid,duwqbdchahmufjpiag,false
lg,rukgqh,false
cia,c,false
tpgxqk,gtpxpkq,true
knfhnzzbfccu,iufckhznbvzn,false
omgqhxiriukuu,ig,false
bz,b,false
ykgkmekffkhrwny,hkeyfs,false
jingjfnqcuvsza,gqzsja,false
vomfp,pirjmonlfsuvosamq,true
onwucly,lyxu,false
zqdeuja,zbjdfjucqe,false
g,g,true
iprayz,rizaypa,true
icneupwmjzl,cujpuizemnw,false
byhgsplrnlewq,bshayel,false
ibetffvlkerivicmw,vfffeltbirwiukeimcv,true
zlkrkhs,nmekmlkrejzrwlsh,true
t,xtjwrt,true
cgrxwway,xwygsrcaw,true
lir,ioisklvgdhr,true
w,wfodckpakk,true
dmxkllpeitb,hyxjiedlzokmdtrwblr,false
w,iwfrsi,true
a,au,true
np,nbnzzp,true
yod,ydpo,true
ibbudoydekq,idbybo,false
dknnf,kdn,false
vipfhszq,qshksdiptzvjkfqd,true
reroafwfcmmlmy,omfmecmwryyjaflr,true
wq,xq,false
h,m,false
lgsd,sgcdsh,false
l,ljxateuswbd,true
ubahq,hkbabivauy,false
fyoyj,worvfyhujyhyhyt,true
vbdretnejndagfshhncp,ebndrhdnvjfhatnpsgce,true
tvrumxtuopbekch,pvedtmmuohtkmxrgy,false
xpkzqc,pzkq,false
rhkoql,lcqsbnkhzof,false
zpdt,zdaytipx,true
fqhqdolibtty,lfynhtiqfgdohbqt,true
jt,qiteufsbittvdkfzuycx,false
quzyqxn,xqlnuezsqdzqyihy,true
l,uxlm,true
ivqdruaycrkke,eaqu,false
hm,mh,true
pnhbjsteyhwcbkj,qcjyjtanpbkwhdbysh,false
rr,dwyjrrjow,true
nwoctx,nwtqczrwcxxqz,false
k,flkfk,true
cze,zqfcblqhe,true
ltfmh,fm,false
hjvkfsbhccpnp,kcfctajhnpsvihpp,false
weesomeoe,esobmeowveeye,true
r,r,true
xdonvpnanjhfcygr,rofhjcpndvgenjpay,false
drnpmlzdzsmgieoqmxr,spnp,false
wmrludhker,rldhwdkerlrumjmh,true
j,boiyhjysp,true
y,yyv,true
isgmokoxnqiftvbk,kvmbqmnfzdsixgkotaif,false
gja,gjtay,true
wkxdlrh,zfphwhrdjxlhdk,true
vapexhmhjl,jdxpmvhelcadm,false
ffkdr,lexczzkbrfihzngfzp,false
fexctcivzut,tqxizafecut,false
pojphizqpwoneqykhw,yoqhwhwojznpop,false
smthxhpblgzodqmac,mlgfcnptxbqhzghods,false
svnst,sqfhtnzzswv,true
udakrmztu,vatkurumfzd,true
xnaekposaboltttk,tokolxttpk,false
hun,owarhau,false
guqodnfs,qf,false
epweot,o,false
gm,pearglm,true
c,h,false
zwbtrzf,twfzbrz,true
xxtwtzvlhbwdcpj,pxhwtdjwzntxlcg,false
w,wc,true
e,e,true
l,lhprb,true
el,el,true
hlfys,srffhly,true
epc,pce,true
lhywnw,yvwnxwhly,true
pibkpz,pzbapoihxk,true
lpytk,yztdluvknpkfd,true
t,t,true
t,pntk,true
vrpvqtsffpqjjrgp,jpvfppjpfprgtr,false
zdvybont,tdbvzdoegsbeadfn,false
muhvt,uhtv,false
ghpgywvov,vv,false
ya,rikxdqyemmarxm,true
rdvd,mjyforvbd,false
df,fhydtgisq,true
kfffozqaiqkzs,fqziskqviyyfzooeattu,false
pcckwhj,ygycokwhjpg,false
xb,nqndglfvxu,false
dhdychmsmakcbjjqq,zjmdmhhqcabr,false
uxdfmpaj,wfddrzupxyqbrpmwazf,false
zodshgvpxurbr,shp,false
zef,uzfeg,true
f,oqf,true
shzunyvdt,vsmzyudnht,true
hhhlgjlrhqup,crpghqlbhhojuelqhx,true
dl,dl,true
dfcubxslcpf,absmxcffludpc,true
zucg,ceufcejjg,false
h,hi,true
q,q,true
mcwni,cmxwnicg,true
gogzdvooan,nsdzvggsbioooa,true
tyhm,hytm,true
tazplqsnikkltm,sltlpaintpzbqlmki,false
roiajpdqjnbzhy,z,false
tgilvi,titsttvmkngigthc,false
e,mztbe,true
s,s,true
dppiepqdmuurrqelx,plcdqsqepxuuraeiurxp,false
r,wewr,true
szmubsbchubb,bsbbcuz,false
isgrhkfovtj,jtarfohqsmvgg,false
ptqrksdberdh,rhdkbesrdtdqv,false
j,ijamzfojoz,true
zvebceiq,incvtyqzb,false
qienlybisfdwvg,qblzwevdysnvgiiqf,true
gpjvhkpfu,jpkfihpgvu,true
iuie,lauyeqzywbiflwtsoi,true
flh,mrwclhrqnhtjk,false
bypzylgjc,jwazlcygyp,false
oi,miw,false
q,qhnu,true
yedazafglagtvcgs,aacalofzgvggetdvasdy,true
xxgld,lduekxbyfswixcx,false
a,a,true
aepth,evknapzespgbybhtvup,true
xvigtxi,nxubpwqxvtvjtiigf,true
urdxlklcr,kprcoloxrdl,false
nytfqiqdg,gqyntqifd,true
pmwyckgabuuse,wpukeayusbmcgp,true
jzbdkoaixs,bfxddjsakjsiqknzi,false
bep,otbptqeod,true
ghiprgu,hgr,false
wczlw,pzcrlcwfw,true
kl,ybtldclqenlqdzs,false
b,gqoqocsbhwthabklyb,true
weqrlagajji,wlaakqekjzzqeirjrq,false
ubaqfuh,buqafhuxm,true
yjxmpgzdzw,xgznjwyzmdpwzl,true
r,r,true
qt,tq,true
dqchu,cqseyhd,false
kiu,gkiqsgil,false
lxzioznn,irzmbhvaznlynv,false
ftwbhbepxccrbjawz,wbxawo,false
cdkdyalig,doyqamvilsg,false
bqbzsdjftdqvmemya,mqqqtbjqsjbwvdsyamf,false
qtv,ydevvwqtykwkcxvi,true
mmuycpvvlryhjl,lyly,false
xsvy,ltyvxsy,true
ro,qdyrojovo,true
sbdgehciprghzfzx,icxgtvbzhyhsnpbgee,false
n,bhnqjtl,true
fteutvy,tuekvzyflkuut,true
pxp,pgaopsjjvxaa,true
ztpketyzuqpcbxp,svgyqkxp,false
p,zvaptlp,true
b,gbdjkzp,true
q,q,true
koiyhsykogoejtavxl,ktyoohjeyvslakix,false
wfmkjfksusrybz,wwkbmzfkfmuusjcr,false
jj,qjuqjaefcuspdtaespaj,true
ee,frweezpvfcxbxyhmls,true
t,t,true
mbjc,ymhbj,false
rltpaxl,llt,false
xj,jxys,true
domgvpqju,oqugpjvdm,true
z,fyzo,true
vmejjtazednhho,aaamzjvonkeehhdujdt,true
zrzwr,zrarwbzu,true
kxkico,iko,false
pqevfodovti,tovdeiipqefvq,false
uc,puaa,false
sxxodx,vsexxqrxrtuc,false
vvrxcz,cpxdzaxvvrma,true
rosopsjkmqhnfzf,pnkomoqsrfs,false
mcrubwfcvao,wcmtfnarrbu,false
bnvtvlv,vhgivfgtvwnqvbs,false
bprvrh,rvrhb,false
nl,agjnglj,true
kbbjzg,cntjpbomdkqby,false
ouvmkajrvpbpngij,ryviikgubjvcpmjnado,false
fgek,yger,false
jrfw,fjhunwclajracd,true
x,sfnvxfa,true
kjhp,spjrhoyqjwarjdczk,true
tr,ttwr,true
uf,hfu,true
xkiuqlso,xyukqogpil,false
lfkexm,kovjinhxelzfc,false
dmepdu,qntrejvfydupcctiza,false
xeubukurcpkan,brj,false
ggbi,ib,false
qr,awraqmqz,true
eqzrmiaqcpmq,qkizrmaacxproqmxe,false
nqtypiec,cqiqpnye,false
dfmgeoy,jdoemfgavsry,true
xvxtz,aatzzryxzotilxftv,true
n,k,false
lgizo,glik,false
yfcnaqfoakr,kcfqfsnryacan,false
hdrd,kdphxlrgnyeqd,true
y,y,true
p,ljp,true
qmr,kdgtbsjrnqsemnhx,true
yhsngkhcboxy,shboyshkycqx,false
hhwfmpmtm,tmmmebrhpwfdc,false
thtg,tght,true
vql,q,false
l,lx,true
qcqudmoohy,y,false
przryvpntkoyle,vytyt,false
eqrbaayqqomo,y,false
zwzcgeduw,egzcoerudizinghvdiw,false
mlr,lkqhlbmvir,true
lrrbdu,rrdvbzul,true
zd,zd,true
ltur,slttbperygwxkkwsxgtu,true
fuib,iikwctucj,false
uqrktgpqrc,qqcjtrkgup,false
wknyavhwdgudvsrtri,anmhkdviuwdsgyrgkwt,false
pefjqvglhcsltw,elcqzf,false
puigjsmrwukw,gpirspeqmwsulwbjukv,true
plik,l,false
huu,h,false
fzsduscdfleebd,dfc,false
dbdtozxvw,dvtrbwdzrxoo,true
omgeizhecat,ahflbommkcjvztchyia,false
u,u,true
sf,shfve,true
gqhxjwcb,vwixpbjwgch,false
dxnixppnxctik,dtzwyxpcqdiiqjgprxn,false
s,s,true
behehixahjzh,h,false
p,pihmfrgcc,true
aiy,aizjyyd,true
zxhjmiosf,o,false
ckzdr,ndzcr,false
zv,zruen,false
giw,qlajwfigwznslx,true
pdv,pdyc,false
vxyfld,fylkdxtpss,false
ndpyapbaq,dqaynpba,false
arrb,rbkcobmfar,true
rgb,kgbrs,true
qmkfzzrmiih,hikpaumqmzqifzr,true
xix,mggoruxnoduygtjlxli,true
szi,szmq,false
gt,ftg,true
nclyl,ylslcmn,true
svjzdozi,dj,false
h,fputojhr,true
occjdklwugxlklil,icwu,false
uglywp,yugwpl,true
ptvtmqibomwehicng,hqbiwceniptv,false
nwvvsxfujtzxljp,jsfxuvtncpvwzjfxzf,false
g,dcpiggoathz,true
qeiqrvo,qcrqeivok,true
yifngbhritjjyi,yaii,false
n,ocndg,true
wffj,ntjfxwfp,true
p,qp,true
ptxuupqm,dptxfmkmpfmuxu,false
bowedxbojy,abwrdybbojkox,false
vgkri,grvikm,true
vzaq,mnpvazjq,true
dmkdyuthxvkuswdq,kxqdhdzdk,false
nvzamym,mmigzynma,false
lkpgqipuqjk,jqgkqfjbfldipxsapk,false
pxovxcno,oihxvvcfpoxq,false
l,l,true
doafzspm,fosjhgdgytigfpasm,false
ccuhwqtnucss,cshusftuwntq,false
xo,gxmeymhmquoly,true
gtkjqj,jfmgtky,false
cc,cc,true
p,pgnif,true
bw,wb,true
uvomb,mbvuo,true
fhcenxeufabaxe,xnbefaguab,false
gcjgxwtm,xwgtjmgc,true
knewjpwzwlsi,wztw,false
et,lqsetzmcyceudbcwsc,true
vkxkb,kvbzxgpk,true
uqdirkzhio,osryuqdnrwdihizk,true
pvtedlrqqntjecmri,eldmrprpjenqtjtqdvc,false
zwlynnczpsbxn,prnzswxalnybcnz,true
sqf,qqsf,true
cizkklup,lkczpu,false
lz,zl,true
kr,tntrjwzkctdzkksvzvm,true
fmapbbjsrxv,pvrbmf,false
upcwxs,wpcxsuc,true
bc,b,false
pmwsitevjjt,qwtwevjtipsmj,true
ano,xvnaob,true
rvqsaibrtdnaps,snsrbitapradvq,true
dhobfywq,rrznalhqfodywtbj,true
trf,krofpmftw,true
hlzjbzfkffykcx,qcflnffbkzzxkj,false
hcrtqxjatf,qcf,false
konrqdvuufqslafvd,vfkjodqnvslfapduqvr,false
thn,kijxfsghpfrjtzblcnj,true
wcstbkjpdlukb,uctdwbjkklpbkt,false
b,pocxkhbhy,true
ereq,efkvrq,false
z,joxz,true
xrc,dxcrt,true
ootbxrosbynq,nqboftrtjoslbsoxy,true
oanyzx,a,false
fgr,noogifvriozbbnh,true
dt,std,true
xetktno,t,false
viftjr,ivzxvajfbtj,false
u,ycjzbuds,true
izme,wnlioofilwlzeh,false
cfscq,ficfsxsirqcjyb,true
cxinqp,kciykxlqjpwn,true
kekvkcfkflgvetfvjsao,fafkeatgvegevkq,false
jwpioamqtulgxvg,eguqwxvozlgipatm,false
l,ypl,true
fwvrontrtjceiat,tceivnjmurawfgrwi,false
oijyrena,fzadipejyirnxo,true
jk,kaozxrdvmjs,true
cnnpyipojzl,jzlyionc,false
iutduemkvhvqw,tlvdmjeiuw,false
dtlqdkaeze,dtqeegzaadlqkam,true
knstsdjiow,sstjdsnvnbibziyowz,false
m,rutmb,true
n,n,true
qxwvjzeotu,qztfjbwloxvvgklnect,false
d,d,true
l,gemzl,true
df,fddp,true
fzszsigwl,wzfgsyslz,false
udhitmzdiefhvmccz,iuzdtevq,false
yhrzjiizenswmvthv,rgijwnivysimvtzzeh,false
dw,wd,true
y,yfz,true
esweppqretdq,spepqektdqwy,false
zuszb,bjpuwszzo,true
eva,etewiivfealij,true
iofnjzibnqtz,nbfzinzgtqjoj,false
dgtgzah,wnhsrnjaxdtizggktz,true
meucvr,mcrveu,true
z,gzr,true
ssy,ssyyc,true
dkwjxivo,kddigaacoviwikfx,false
nc,muuofuyn,false
gu,pptsvgtrcvsqll,false
ns,nns,true
ndoygbji,yodgb,false
cmetxhlu,hxxeujmtlc,true
adc,mcdazejubmovdbs,true
gfeldgs,gsgfled,true
zo,zo,true
vzetfgsvreulifgnwmdc,dvfzgwecfveiztmlrsug,false
mlvyj,mleyvj,true
qn,qn,true
ga,azwg,true
fl,afl,true
yzk,wxasjxkzim,false
veiggjznmzlg,lxymkvmbezjglriqgl,false
iwhhqwxaaagim,xgahawiamaqhw,false
ffw,qbkffwwit,true
xynkkhlebu,klu,false
gqfdreamr,nqmaejafrgmcdfbjfry,true
pjljmgqcx,gqjxiljp,false
ehewgsnioickwjlna,dwknv,false
agour,wgerianqmoaux,true
nptfipfqqbxlj,ltpxnuiqjbgsfpqitrmr,false
mqxgmtnhp,fgkpdtnocohmmwq,false
inttz,knyixoyeqpjtt,false
em,leqim,true
bon,oxcbkrenoqybdbfsozb,true
yibc,clyebw,false
lv,obzmlvehbkk,true
qjpmxn,xnmpkjtjlqrag,true
q,q,true
k,pkrjkyshagmza,true
hkph,rhkhipsh,true
fyqvjeerfzupsinzcs,puvsz,false
fiqumieawced,cudqmilfdwneaii,false
ix,pixe,true
l,zrl,true
tmfjwoyckqgco,gqmf,false
vywpv,gihpzfzdywwvivkgpu,true
udoif,qpumfofipzinhhfba,false
mziurnslwy,iznumw,false
dkahachoo,hnoncha,false
xsprhcgwkrztn,nrhz,false
won,nnkxxewb,false
wlbooezcry,clozobcyew,false
wftlnph,plnwthf,true
bhpmbc,bhcbpm,true
qodhvpaveymrf,rydxvpfjhmjbvoydqav,false
omkwlzjfrlhz,zhlzokmflrjw,true
sqirblmzcq,cib,false
klapp,akpuwltlyjnbdp,true
r,r,true
pxofnna,apn,false
bskjhpqrow,jrhsqswbjnp,false
gcrdhxnne,ndnerhxogdxzoc,true
mxmuxau,bmxffaumxpuwa,true
tfjnxl,njtxfgjlz,true
qrayoloh,izoourqfzholahwy,true
k,hk,true
ykl,rnvqifpslynkvmud,true
zampdhzytdmqvxsf,tvadmqzmxzynjsxfdhwp,true
dulmpx,szvmdhqldupxqyf,true
w,w,true
bzgark,gaobktpbkojgtjxrzc,true
dx,dx,true
ujtmtricziwlibvit,ulicizwbriitttvjpm,true
kuivp,vzkzioucrpiyjs,true
usuvm,fvumsawuz,true
psjcwgnnplzmyvu,imwyscjgvjpzlunn,false
vaw,vxdjvawwr,true
frcibzaqwac,uwzfcicanbdqcgn,false
h,docaqhmuvmt,true
gb,ughkqlzccb,true
mtpbakehzkugtoasrtmc,mhpsaxkukagtetmorbcz,false
ibmna,nzmai,false
vwtsb,xtsovbkw,true
ixcgiyferwbrcgdcpx,dccrrgcbfigywpxxfi,false
bdvcvl,vctv,false
j,fnzmvezdjzdipjufljm,true
c,loic,true
jmc,mcj,true
cmd,dcmh,true
fazlass,asrhfszbaklzjl,true
wiksrytti,kwrviitxmktrssyy,true
hdnkavphc,pvagphnhnvdkcck,true
u,luid,true
kzu,jukez,true
bzkfckshckrvdewzxdsu,xdsscwzfrkzk,false
u,ubfyusp,true
xkjrgsrtxgvv,dwrxkvjrgstxqg,false
kplhxjktjmppjz,xtzmjxxqkhpxppgijkz,false
gvfegkihm,limgekaifgulw,false
j,jgcr,true
ngaxmtjwcb,x,false
ftjqgqblhvaxsc,pfllqqtgajcphqsrv,false
o,yymxooysyuysrh,true
wsgcywwkpo,ywcwoskwg,false
u,uiwp,true
yblq,hyq,false
rftgsvhqb,brmhsfwvqtb,false
pdrijxfrkwdgexdqmysc,sdrdyewxkdgjfrmpcqiv,false
u,hcunzwneuylyvhipsyvh,true
tuc,czchztnckyu,true
qpodhn,uqscojvhpd,false
pzlixausw,hakoamalkvwipxzsvu,true
kvwqoqco,kcqoowqv,true
wktdz,dknltbsnwzaa,true
uesgagj,tiseagufjg,true
ukiwaqrvalfgifsw,axkkriluwasvgfiq,false
yyyotbdhvadikyjqztzy,tqkbyvyztyo,false
qxjfphfrekhlhu,gqhjfhexrulpfh,false
lwoyq,ylaowd,false
qzvqxgbqjifyxvvhq,jiqvxcfhqgvbvxjyz,false
ndlqwzpxizrnylek,inziukdlniqxwnchplrz,false
vd,mrxgkgvlqdzsaktzuka,true
zomlvwoakoolsntj,aovmk,false
p,p,true
y,etfdiagtcwyxienotev,true
yogwouewcezzv,eyucqwowzzglzie,false
mfwhkq,fkwmedwhnqqm,true
es,ess,true
ifsvehyojvwcymhmspe,vhmomiewvpc,false
kwaexqt,extqackw,true
zrpgtdykkgixw,gyrzipywfgutrfkg,false
e,e,true
s,qisvxvlp,true
nzh,nzyh,true
vrrgbdopkz,gopdjrvkrbvz,true
yzme,zjg,false
oihxrfzsqehtnmpcz,piozq,false
vsyqbppjrsenx,ernsgjpjvcgbxqttysnd,false
pnaz,azvnpp,true
z,qijdgazqpr,true
k,urmkauwqwdyddsvzgfuc,true
mkgyxt,pqtbgpmmxgyhqad,false
qb,bqj,true
mcbxrpigqrw,ibzqwrcxpmrk,false
p,qlijprqoz,true
caoikx,ooavckyxvumogrclpuc,false
vdhrwskxek,tlxedqshr,false
hjaizjky,zheiljjay,false
a,vedifpokwvfacypn,true
mxitnzhatfruhoyibhz,szitr,false
k,lzyvrghylrf,false
cngvk,nvgkgjc,true
gl,ngvlurqvk,true
qjaj,ejacjg,false
nxjlvycowkyhxftd,nvjfitrcxwxkdyloyhy,true
zun,gu,false
q,xjcqcriwfetefi,true
yhzqpsgguvskwrg,wg,false
hlvsd,lsvphd,true
sirpacioccughxzmwd,shwczrtuiiudcacxm,false
pxc,eepcx,true
lggz,rpzlgg,true
vwidzpvdlund,lv,false
nrcrb,cyidrqnaukqrbnl,true
iacgkdou,cuodjkaicg,true
htwqloyqxxizv,vlqxki,false
ypc,pihvryqqmeclgczzs,true
vgfq,vkfq,false
hhsrh,h,false
yg,gyw,true
sdvcsftnqzt,tczvsvdsckqf,false
tfa,fta,true
rjjelvwsnxsilfaa,ujsnlnxfavjslwixrpej,false
rkmws,mkw,false
hcmcr,cuqmrc,false
ofwmquh,shhfquqmodwy,true
ddri,rbdxzwlbfpmetvd,false
qoediusyy,jdyoueyqs,false
bmlc,lamvdctmrrjsojccloi,false
x,rtsvcx,true
pmizrbdorpmzhupemwqi,dpphbzrozmme,false
x,x,true
csnlegex,tlehlnswxkciclseus,false
azwwlozsgtxwhcu,aw,false
jkldlqjlq,elwdkwfjocqgqwgll,false
hqufitkxcstco,ohsqytkxmizctuscf,true
s,s,true
hgjfdgquljtsskvb,jhlbjqf,false
ag,a,false
gpnrchhg,hgprjhrmncceg,true
f,fu,true
xatpwuu,unawvutpx,true
u,x,false
sbh,hkmclhdbnmppor,false
gwrvilfnlkcojolpwxnq,gkwllpqnlopcnxi,false
lj,grljank,true
coassrglxxdpexi,cxaornpegixssx,false
plysogj,nlwcypusgcojm,true
od,uyodceyadnrdsx,true
qspcxs,ecowaxpslqs,true
pwnzbnm,wpvnpdnmbizti,true
rjigaqnuxsdqbgswsfl,daxlsbqigsrsufonqgw,false
wvdlyli,uigllddw,false
bz,uhfyqrlbadga,false
o,po,true
gfktbvujyvyhzjph,tvkuzghjgpyyujhvbeef,true
o,soiuexrn,true
yvkqfq,qozlyaqvkqsf,true
yve,vm,false
mndeooq,xinsmetexnod,false
hxnrzfszbboqekebddhm,qfrhe,false
zfioehsex,feaihzsoxea,true
famrdu,mdfurvaf,true
xaipsvjqtoptcp,iepmpxqapovtcibrt,false
edmxlpbjjtmc,mdjxltbjexpcmm,true
iufostrsssijscb,euitjfsoibcrsss,false
zakonaho,hutaq,false
vpvdcfrqj,crpvisxqdpwl,false
bfew,fufcxbevywnrb,true
njempbbi,bnbmjeitqpy,true
q,cnu,false
nsbftj,xigvtqscufoyfjudpnbd,true
z,doew,false
j,j,true
ck,kfnduixpubm,false
vrxcjvrq,mcxjrqvr,false
qwrly,qlynxwaxwrq,true
agmgavaoikgfc,iuaaofvjksgvaqbmnriy,false
w,w,true
etjsbjizyixs,sezj,false
kg,gkwntl,true
gofp,spfoswuv,false
mni,mitn,true
w,w,true
zultqx,ufwjahtrydtxxtxlmwql,false
kozihoughdctubmwn,dgzwcnotokhupcbmsiuh,true
tmxlqbnw,mw,false
jo,oj,true
ebljzaltinlhk,lhitabknelzml,false
ciescx,ccxsei,true
rkkmpx,rk,false
absyxe,obxzczoeya,false
k,djdborimtjboauhokvz,true
ry,niofyrzll,true
wxmfswjsqwamoqdmpip,maofxodjwojpqpmmviw,false
pcybepx,eecuvbxyp,false
abrvo,rbrvbhbaoi,true
mq,qmbd,true
uk,kuhkdt,true
gc,hyuvcvuygso,true
ofgnswsniffpos,fwopffignnosss,true
hoqu,pqmlhoy,false
wlcidyicae,mdinnyilycdcewl,false
azrybekmoj,jrkaeofbmynz,true
eqpvube,dteamkmprnrxsveunq,false
cnoy,cenov,false
ktcmwexpovwlhli,pcxiwmllkevtwho,true
ipnsvgmrdt,dvn,false
et,et,true
oxlsyln,lyozlxnvmsnt,true
q,aqpdro,true
slyjowg,gwlsjyo,true
fxphuvsgt,kxyvftspuhg,true
qjradsqrvpdo,rdrdjpvoqsqfn,false
naf,nax,false
nykbziknwbx,kb,false
me,me,true
cohdpjovrfaiudyjr,pufovjdjoyirdah,false
qotmzcarscelcin,ecncticqwexqzrzal,false
kjzwdtfbj,ztwkbkydj,false
wkkxvqyyaxts,yqfttcvsxbfxkwyk,false
gwftxwi,ikttlhexofwwg,true
pjczkfalac,lcvzacaazhjflp,false
zluntz,yrzunlhtsz,true
gwlqnjhkdb,wekyldnvlvtxhgfjtdq,false
vwkmpprvjb,fhkbpjzwvbkrpmv,true
ptmrumnjpmfbav,mzbptfjnmamuvr,false
qrw,mfazqwrvn,true
udsg,zodumgsesjb,true
vjc,uvcg,false
bvjweydn,hvwdghnjyncdkbkw,false
r,r,true
jpxlneunljcoph,lnpspwevcjtalotexhj,false
v,vcsjac,true
nj,bvonjhvlrpkjra,true
rbsfshrsptevff,stffmkbpssv,false
czvbrkkbzysjczu,bczvryxjkhzcwzhukoy,false
fxiervb,ivxuofthmengemran,false
jwgjdvrgb,jbvggdwjr,true
unq,rpl,false
aouy,ooafqmyfufex,true
slieqacmtuem,iumqmlcrmsqteaegc,true
u,u,true
ciivcuwxb,bxuvhrpcdikoxpcvirw,true
wag,rgslyaw,true
adxiuvfrcptelx,xrlukvdxfcieaqxtula,false
wmegfu,umftweqgpppsy,true
thpk,hgtkep,true
er,ieyrs,true
imcnpuifupk,pfhenmciqnfun,false
ubbxyz,zbkrxfyjcuhy,false
zdkfxmzjlb,kfblvdzzvjmz,false
tcprlm,cliplmrt,true
lofs,vfuycrjsusgpcoelwu,true
umbfpykpiyeex,payfmkbeepyixu,true
stv,gsvlqt,true
mxsa,casnalewxjvxllv,false
fwacnmzcoi,msjczgcfonitmwxa,true
h,h,true
pgao,ga,false
kaso,ks,false
c,lppnc,true
szn,kszbzwywyn,true
vpc,nsgnvubsimcbpwvvr,true
qxtlyc,crqytl,false
bqudvw,qwb,false
xqjoqggkgckufkegq,fqgqcuqkkxekgojglq,false
xdrrzgaopuvjapgljwok,jxduwzrgjlaopkao,false
rankodjnutsgsrdjrmug,r,false
xlc,xlc,true
y,l,false
wdn,nzwnd,true
cqkepvl,jkpvcleq,true
rwflqu,l,false
rahon,q,false
c,grcujat,true
kkq,kkiyplqfex,true
tvsqcjgo,ojzwtscqrgv,true
tzf,nqrjptnbf,false
lmnzsd,anzldm,false
ak,gaiakk,true
jqepmy,qpmejy,true
giepcxjn,noxiiqkjlgkzpxeq,false
wqg,eitywryqudgnv,true
fktqjjiadgc,njgotafjgzdqc,false
fdwln,f,false
vyf,cyaffdevfz,true
vvsdmdq,sm,false
g,gsrr,true
scmjqenehvthu,tmee,false
pr,por,true
h,h,true
xwzmjyxzlvdrui,dvuyjxlzwrxizmz,true
z,e,false
prwgacxxqmnvmrhrw,rnpngqxxvcmrps,false
gsl,lqosgv,true
ha,tqrzuyal,false
ezuxatnx,ngucxesfaxthz,true
u,u,true
ekrpaltzfq,lpapf,false
qsz,sjqz,true
du,dm,false
mtoxkwinwpgqjvjiq,qjidoxtmnqvwgfispjzw,false
szbjmpghjnhow,jipohjzfsmbwn,false
oh,pbyytskvvyjxooikhu,true
iugfpq,p,false
wxdv,vdxzw,true
ayvaopbm,myao,false
zi,zizc,true
yqlzda,ojnlzhaxyqdl,true
tjqivnjmsxhea,zlzsxvmqeurajnbiafh,false
bhisltmkbu,tibsh,false
jdzrz,htmzgdzjaykrqw,true
zjs,euskjjjcoggswjw,false
u,ue,true
qyv,qy,false
yrnrqkmmfokyfrji,mkykjqr,false
nrybguvjyhsrqc,iuhgvqbyvr,false
fguiicxscnl,iugitjldsvfcxlanz,false
zvlehujxhaaod,zaudxwejpvkajhje,false
ttqsijw,ti,false
n,stvlthanonaa,true
gychncdajux,caxhjlvodcnyu,false
p,lxmytpdknbptq,true
yuib,nyanurvxilb,true
nxc,wawxcnn,true
oibheuluvzarabv,bbiozao,false
f,f,true
rfehesac,ecshatfr,false
wnbh,enwhb,true
xcgri,igcjfqxbpuaxf,false
mb,urrjfmhambjkroesw,true
qvsmupvjdostgzv,suvxrdgtfocavsjamypv,false
ndgtm,ftndg,false
zpm,mzp,true
saooagkdsyeaivbvqb,gajeybokaaiassqvbd,false
hnwkrupnx,rbquuhunwnrpmkx,true
cvkjekbg,bkveegkdjpcdvy,true
yerxaympruqqxb,a,false
b,ub,true
afoiqstvtotg,tcnatroaivblttfgqso,true
dyyodrajnyhhsymlwp,yyypynjwhliahdrdosm,true
z,sbzotddgyszgv,true
k,hplkwmwnh,true
dzllqdcbi,culib,false
lr,rlc,true
esnfjbxohpss,bspbvjfysoxozse,false
vblvmwrlcbmbue,bvollrzeirluybvjmmvb,false
a,aeoanztxwrnrxngrw,true
mbqmobxpbxn,b,false
ii,ciinwmiqayocmgmtctlx,true
l,ymtwl,true
fpuklblnb,jmbnfsupbcmlk,false
crymkisqodoy,dsmoqircok,false
nvota,tonv,false
prlmhsiyqiyd,idaqlrifykyp,false
grmvll,gvlgrij,false
mgigcboqjazh,oatkbidpggjhczqlfif,false
uuqouy,uoyug,false
gdabok,oosykbwxdjgc,false
kteu,uqrwuuetkbdkg,true
spux,uxymqodiposbyiay,true
yduowy,ayoopydikygimbmekox,false
kxcocifo,qbcwfoiocx,false
dchhpnhwbzkjfy,yswhnwphhjfzkncf,false
eagljstdna,wgqcaldjatevmcn,false
tfyvspcbcauobl,tlufabyso,false
z,z,true
piebeq,bpeeqix,true
yu,py,false
ju,bzqlosmjahul,true
lvwyctsayf,tgyyfa,false
dmhy,iaxmchifdraha,false
qgjaguq,ggauqjq,true
eval,jehltdb,false
yzz,zzhzyfby,true
knbu,kbun,true
g,ivzqzkhmcgmoudvzsg,true
frjhipkcinsl,flyccbchinktrs,false
k,uktx,true
ljb,zjlzb,true
oyaumperh,ey,false
whlsksedavakqq,hhqkedaqvsalws,false
a,zjra,true
abg,agb,true
atrqveioya,lrsaogvitstqyhvav,false
ktfaoc,tc,false
rcybtpcpnqqjtxbnd,ctnkcywfqdrpj,false
ztq,zqqtw,true
qthabf,fqblatch,true
nujglekpprethxq,xwejjprgqunlhpke,false
idbnpdh,ibpddnh,true
vu,dsv,false
dbsmlxvpq,smlqpsdtvxbsqb,true
z,zrkh,true
dwajkkej,beawdkjjv,false
nc,jkmqannincrwubj,true
ytcktrx,pqtycqddukxtphvwyrk,true
txeo,kex,false
lpisalnw,pelwisal,false
g,gw,true
u,ubiwhaxpnd,true
rtkhgpisboyfajcka,t,false
rsxfbkbcosnctfsh,htfs,false
l,luq,true
xerdlxwyvhoppdhm,mdd,false
ityq,ejblfebyeljeuq,false
i,i,true
m,md,true
wrtkriivjabe,mwrerimialryubkjwv,false
rja,eafj,false
hdnmlqew,djwfgmqxetwhjlnphtld,true
t,bptgkt,true
bmqeypgtrexl,hqaybtfwergluepgcxjl,false
qtpqxvxy,tjpxvqx,false
su,sug,true
uhpkfe,hkpfur,false
wrceqj,cqrjcew,true
oonueyjt,zeruygonhedgeojsaoz,false
bwkrlihcm,lcirkbmlhwp,true
yx,y,false
eebrmvqxvdw,eemdwxbrqvv,true
rs,ornlkrjrsncekw,true
e,eq,true
llsxszkxqnf,whlloocsxzqkqbnllxfq,false
zbjbcaggcqhteeif,irebgvtfezaicbiqhgc,false
nj,n,false
zgse,gxrzpraev,false
vtbmadtkgsfcs,svtgjkfstahkvmdbea,false
snowhylxgvkay,taxowyglonhkvys,true
avyn,ynvaw,true
v,ylpvpv,true
d,od,true
mqh,qlhm,true
hqae,haexnzsqclw,true
trybryq,tbyyrrc,false
lm,zlfnpqltxqwteustmo,true
vsfnmcdotei,tnioevsmdcf,true
d,rg,false
dydqtwcgzix,bdyqxzrdwqwdigvncxci,false
nzoj,znonlj,true
eb,osquvaeisb,true
xsn,sxn,true
youebxud,hxpebdoyyuuox,true
mwjl,m,false
ilfkojpx,fpjixolk,true
j,j,true
luimoqexdmqehl,limeyqeqm,false
akb,xkdetptuwwbbzxa,true
byjtjnmoolpqbrlkzg,kbmjonl,false
ombmkmwdzbydj,mwmpzjkmidbbzkdw,false
wi,qzydiiavuw,true
favmz,kzmakcvjkdf,true
pkigjijtrfzbb,zrtijusfokbkjitswwpb,false
wnjdbocpm,owfpjdbxvwcjbkplcnma,true
m,m,true
kboaparf,lakopbfsra,true
lkmo,kolcre,false
uuijfrppo,irouufpliwhjyxpl,true
kjk,khkjhs,true
ashljeiwuwzi,swqkidljwwaeiwxghzi,false
urrnx,r,false
vabfaphlelyn,apvehaynfq,false
osgpcvl,xysloacfpgik,false
b,bbt,true
draugpvgnwdyxtg,nivgbdydrgagtux,false
ndfhiurtqy,utyfmgbriund,false
n,c,false
ckok,kokuczg,true
chmgk,nhckoltvudhdndgm,true
f,eokietf,true
vjuoo,ouhrbco,false
dwcbaaxysrigu,yvrdaxcbwuoigcns,false
j,jq,true
kglrs,lvlsbsdozrzkdc,false
f,f,true
u,u,true
rztxw,kzjlrnwtut,false
ijgcjaxgtyni,fgjtygiinxja,false
b,tmh,false
lmowbnyittoshtwscwt,wcw,false
hfnobdh,duhkonmhbif,true
tjukqurmgbada,ufgggqdkrmjiiu,false
n,bsnwaaiapzt,true
l,hnokwfxyywlygwlg,true
gyl,eylgyf,true
ncmznm,iznembnmc,true
emjyqycuilv,tcmilxyijevhqmu,false
qxmxysdqclr,rdnqvkakcslnmxyqhx,true
pp,qlpp,true
qjvrktji,rjvjtqki,true
q,q,true
hgbqlrbyvkfta,fghfqhabdykbvionltr,true
ggiey,ymelgfdmwgfbthilb,true
km,imk,true
neymd,wesssnzdvkezumnvzy,true
eoqdamfwzeimbiqanlmg,onmmqai,false
csgk,ukupczdgsh,true
fjkyzhjzutb,qvyztzhifjqpjbuli,false
oztkqxnokydsf,fxoprznqtkyhomiyshyk,false
cch,vmrpgwschycqb,true
pwlhllvoqelz,vzllpwqleohl,true
pgeii,evvihediuoymhpkigojv,true
weiclj,wwcelciju,true
eg,eg,true
bptefqlruxxx,tbelqx,false
mz,mjezk,true
zq,qqz,true
csuaufjpbh,chejpsubdoszua,false
txsaqwkxb,wkxaxbt,false
xl,hlxfw,true
h,arh,true
whuwpf,oshowwxfucwncespdciu,true
wbmj,bzlrmwtjm,true
heaqq,ze,false
x,ahhejiorzs,false
q,qisundpnrsb,true
nfcbu,fjimnfdbzibmcfus,true
najdcahbryq,afyjnhdvavqrvbc,true
yonnz,yoznn,true
zhnrrdxma,knayokahdrbrxjfhdmz,true
ie,ie,true
idccjrybvszdokge,i,false
h,pfeulatab,false
zhhogsaosvfb,sbztahjhojggvof,false
xywtery,tnrpeyhxystvw,true
bghyn,gyh,false
jblfhxb,vlnhfxjjhbb,true
mtjry,mjcrmiynjxgoiym,false
ggaovglzwjnnz,gnlvgozzajwgn,true
rcbxr,xmchzror,false
pvaeq,aaggivqerp,true
lmsj,lmlfjqsjq,true
bdysevrq,rsqeybvd,true
uoz,auzo,true
f,q,false
sl,ls,true
jlf,fqlp,false
pbwcswspfnrd,bpwpgdcwedckrdsbs,false
eikcfqntuzb,i,false
fitwzqhdqdqbpwy,iddwqrtz,false
kmzop,izpzklxopiuahmvfft,true
rnfxvpmjnpzv,zvpnrnpupmdfjvox,true
ehft,ftcvhhst,false
lvn,lmvn,true
onyuev,nsouewxsovx,false
wssewh,hpxnewvyhvoeassw,true
csnkqc,eqcyclsfca,false
i,jic,true
knwjezjh,knjhwxj,false
cvtqeecvycyoesjuds,cuqbsoevyh,false
uex,eux,true
vl,lrvqz,true
jpn,jnyp,true
gvhg,bqgxgmhoigwebztsbava,true
emaspkoi,me,false
difakmfat,ftdxtwfkaaim,true
sn,nqsh,true
k,vkk,true
cgfyahttphdwp,pwttafyhgpadchd,true
wypm,oypkewxcqumw,true
dci,bmviczilqrdrk,true
tmftljn,cfttpvmulmtqqjofkn,true
wfkyqdox,fqxodwgy,false
a,a,true
rnbbvd,bbrdnvgt,true
ighaxcyx,yhccxugxsivtal,true
mlyrtesqcvczuh,mrsvqulihtcjfrezlyz,false
sglx,lxsg,true
mzyfxnpc,nzxmhwyfcp,true
twmovr,fsvwsfvbavythvsmomre,true
eee,peeyheqk,true
ezfhrdkagsexxswgci,dhrxzifpgwguxscsa,false
zfuaxlhlzidbq,zyau,false
vfptzmaylqixcuw,tiymzhavwcwmuxplfq,true
n,nhgsjlixxriioihidja,true
f,f,true
ehu,uftuhvucupm,false
jkheuwrmvmyuz,kwjmuuzzvhyre,false
hwqtbhlhrgamajrid,egldpjhwihqr,false
pwwlivlglys,wkvylpl,false
mdwucj,ucjdwh,false
kujybompd,udyb,false
ryygvivjduzw,dvztwvyvgiedjy,false
v,v,true
c,hcan,true
wenunhhirxdb,buynndxpiwehu,false
fxsvbfmxpvtdjevsai,fxdvvsxfmbjtadvpesi,true
tmxnfypddp,xpnfdntpmd,false
x,vkrmpfxhws,true
wzhguwmttpkwjbo,tbwtzu,false
uk,kyaus,true
gfruaiuqpg,gg,false
itkmlraychv,hklvxiruacfmyj,false
rcgz,rgcqt,false
kgaylf,aryklfytglabzz,true
cfxm,dvfxaukmshf,false
jhtvkxkljskhtyflte,llyhjvjnkxft,false
zozvlszkjxjqh,klozjvhsxqz,false
bxtweu,luxb,false
vsdwvusmaemjbgvwq,uvjqvsgs,false
hpgf,apryhtcfhdltfqg,true
untisgg,sgfntiung,true
chyuxe,cueknfhxy,true
z,gkz,true
lqg,qgm,false
xahlmtxei,xlamtwinlhi,false
vkjc,dpcuzknawmnvj,true
rmk,zepmbxurifjyasxmurk,true
rox,rhxgrohfmoyod,true
o,or,true
zzgnobgaexraj,agosnexzbhza,false
slolp,blfcawclsofp,true
hlcrza,bdrhfoacjujriof,false
y,qvryk,true
v,vg,true
gzurows,xwsfygfzzohssruqqin,true
ykq,biyktkyqhjkyxkz,true
u,meatdtwyvthu,true
kdkqnkh,wkqakhnhkosdrz,true
r,fwrx,true
al,hhmiaa,false
tvxy,yhtevwt,false
dzoao,dmpazreooi,true
osgyprd,seprsyeogdwsfdndcn,true
iybtdgyvvhvvs,bvyisbvyvvlsfpgt,false
hqicblc,bh,false
hz,zhwzmcwfkgm,true
q,uqhywupmhy,true
zzbxr,lyzzbhftftzztxxksl,false
ixh,xi,false
lrkqoyo,nomgylkhzyrwiouv,false
ekg,kcuve,false
yk,tgrgyrfgyupnpkbksqe,true
x,x,true
usnjygka,sgduknyea,false
svrv,r,false
rglwk,lwgkr,true
ner,ner,true
z,z,true
wauu,wausu,true
dmavtxttvgary,ghiqrzvvtdgttxpamyaw,true
kagbafsfv,ubiknsiivbfyjfaag,true
kk,qhpox,false
hgzlki,gzhg,false
wwskltcrxhemtrpkx,tkwextclrksmwxphr,true
ohmri,imroh,true
hnanfsiaxk,kxfxnaisbqhqan,true
t,t,true
j,rlowbj,true
bc,cb,true
ew,wze,true
litjnofs,oiliotfjnf,false
n,c,false
a,a,true
vinloj,qnlivowphs,false
sk,vkjxvspec,true
u,u,true
bjj,natarjopjnjzfhgncbcv,true
mkgwf,gkmfw,true
nlmjkeondpnfpwl,bpkonlkwdlfnx,false
hmmzlszzlsersono,zhoemonss,false
krrlj,jzrwrlik,true
w,cwsd,true
qfke,keqf,true
isnjcirbmxqq,xyeqdqitpsmibjrqankx,false
cvcegtikldmxf,lkxbfepgvticmc,false
odl,dol,true
eodtymsh,hjmwodtmyntyyle,false
s,yoscyrkx,true
vgk,k,false
f,f,true
hozhdu,uvrizqzledovthqjh,true
cyhh,y,false
sv,ntsnyvcei,true
x,x,true
nxslfxue,xlf,false
mp,gjbtihpkdpmtwthhhazq,true
xvf,vzfx,true
naslt,ltan,false
ifolzld,dfzolil,true
xxtdq,gabxgnthzacuydfpeqt,false
a,a,true
ymo,uolnwefzizqkxbyag,false
futjeytm,yftmtjeu,true
susdersc,seyursc,false
nochmcunurs,ouichmcnrcs,false
psdjzlkhb,hljhydbpktruoszvsu,true
o,waxdqjetjdngetx,false
yhzivp,prbzih,false
iklbphht,phbhtl,false
jmkqnjett,vntmtpoiywdepmwlmqwg,false
pf,qhlf,false
hoaxh,hhxoa,true
xvldpknixztysh,phzdzdvwnxk,false
wai,awipnga,true
t,t,true
u,oagrlgiydmkdo,false
mdwqvjkvpd,vtwjdvjiqddkmp,true
fkerst,skerbf,false
xhtwjgtapt,tjlbdxakogttegpweh,true
myfanfv,uvnafyfz,false
zkbwdldah,mqchkawdibldxz,true
btzjas,dtjdhnsaajqcbzyax,true
tliguf,utsfgnisu,false
m,rdindqthzvfinivx,false
ihsypc,khymcbpgsi,true
d,he,false
yxy,ilndqryptvxrxsy,true
qabityusnf,sqbftpfdnuiaby,true
rujvirkwjab,bie,false
u,ludbbdzjpsknttbjf,true
bi,wib,true
damyctdohr,dtydaohmrc,true
aftevljgc,vtcdjfgae,false
nwxthhrhausqukcvk,hxt,false
liwyetalv,tvhlepwctaluyqil,true
ktxpceueolz,jkcxkrejpekxceluudze,false
vcxhhqlibto,hocivhbltq,false
cfroyuoojmnp,pcnofyjo,false
rmofsgfr,fobrsfsrgmoyp,true
bqz,qazcigzb,true
qq,qlaobqy,true
okglkwaxgdo,kwgagxlwokol,false
dernesctgxqyysm,scxyymteeegsqxnrh,false
bdfoyaxkg,byafgxk,false
z,z,true
rf,ftjsrerjrfzfnaqgnca,true
jc,ycj,true
tqzixgdejbbzva,bidqztvxvzqezbjarm,false
drewk,kftxdgbydyearkdg,false
bqc,qcb,true
kx,hkzcxmhf,true
cfshcdvbpz,vzybysodcfpmhc,true
hwnabxscvwmgziwstrxz,x,false
ffcjqtyam,jqatmofryf,false
xjw,hbqlewzpkgpwxncizjq,true
uez,zdheeu,true
rxzptk,zthkyrtx,false
ostc,hqwsoxgsdtxhicctx,true
nduj,ujn,false
msgprnta,pnsmgfmjgoicasavgp,false
zewfupcjvc,wzwzfzyjgouczpecvyj,true
duxcskk,dsflbkcuenkkxu,true
msd,dhsm,true
rb,br,true
tblxyl,lyybtd,false
lz,cl,false
hzub,zuylhvby,true
finiz,fyinijiukzb,true
bwnxagc,rtgcnwxwmtaxunlb,true
bk,gkptbzyjbe,true
ryobk,fcisyyjbydordyosvgk,true
jvbon,nbrovj,true
qobhfcnwnlphz,hwnzhkjofnqfcdmtapb,false
zsfzn,ydvtpgfnnozzjenbzus,true
kkhkmdg,ikmvwashkdkgkgsiy,true
poduptnkdsfmzwvoia,vadutkwonsdpmfozupi,true
sa,nsoadrj,true
gnuhvbtzvqaaov,gqbaubov,false
dovqgrlftw,vaqrfgvwlfdqmox,false
e,e,true
lhyuzlgxazngcbpdlir,nxhlxabzjrpgdcllyi,false
ojpeqc,opqjec,true
i,rgqizmgruljj,true
gwfzwb,adwdoldwbgzf,true
mrw,drenwvm,true
jcgeflnsanztwganp,njastnwgpeszfc,false
fpiocphvhb,hibphepfov,false
y,by,true
lmdnatqxvga,agsxoiqkdnuvtphnmkl,false
xorrtduxl,kdxlrxtruo,true
qycjglwzemr,gpcjzmlqc,false
rjirc,rjicrz,true
ntmarfnzkbfjopfnrtyr,orttanmj,false
ftzkldznghokqrp,glkhktnfzzroqqdlpzx,true
pmrio,iprotmi,true
wc,cw,true
tsnzla,anzlsst,true
yg,g,false
afvnpjnjzse,nzezf,false
zzseikzdywntoj,ytozwsedijnkyvzz,true
t,mbwgwijtthzttvcv,true
thamorqqqpdtu,qrudtoapntroqjoh,false
awsx,axsw,true
itb,fbyzgfimnbj,false
ab,ibn,false
xkjayuuvcdanjxhz,jasndah,false
oyujihzhccvvxdgj,i,false
fabxlufld,lbdfuhfip,false
nso,shnbomauwvf,true
mxht,txmh,true
vunp,ihnvpfm,false
a,beatw,true
wvgwiegjekt,gkzevjewgiwt,true
wo,joukxfiufqtnwqts,true
cj,pzzcjcdtor,true
iopkemuwkuxb,cknqbuzkiuxmwkeu,false
stntq,njcsfqmcbtfqbtbu,true
npbydyt,dybypt,false
zvef,fvze,true
rdhhyilv,fawdyhhoqrvvecknli,true
n,wning,true
ztbtqmellk,veulnmbltjlzmb,false
u,rqxpejlqun,true
nqrkxmvvwq,xvrqwonkvikm,false
feegshqqu,uqesgqfeh,true
ei,behnyftiei,true
m,m,true
gbcezzsrrtwadxojgzb,jorzuxgogjbe,false
epyjgoiucpxsdx,ixpouxdepicx,false
j,bjejmlvmjs,true
datmw,kddathjm,false
jlihrciu,xhlcurji,false
qjoz,jofvjzq,true
xuqulxmtm,xiymuxulhtvokm,false
gtaazjfnvbaq,fijfqtjenznajavawgh,false
zulhav,vzhulaw,true
eunpf,pnhdvxfqeu,true
k,ianjk,true
y,ty,true
efyigwntcgqeutw,euw,false
chewzrvzsiqhprmi,zwwepvqirmcjieuqvihz,false
dp,dgp,true
hfqpz,ppfczh,false
iob,zicnpvihgboxdxq,true
kill,lqilk,true
njbhi,jnwbiw,false
roetks,fmjerztsnwfclo,false
mbdmg,bmmgd,true
rjqzu,jyrrqztuvihukd,true
hfeapcwk,dpcnemfhppchwqkdysao,true
punozqhbwj,jwqjhzupno,false
fys,snnyypjspybryyfz,true
yfqqweyczctk,cwzyfeqmficqt,false
xxvajisko,fvakfeamvsoxpx,false
ztuxzqia,rqujtzrslexegazi,true
cx,upmcucxi,true
azjcgtijd,efywcziovmxgxctjrad,false
r,r,true
qa,aq,true
qihf,actphiuafiiqlriv,true
u,u,true
p,tp,true
na,flahywrgnwaucpvrh,true
tssc,gststc,true
op,po,true
nwoel,oyeknlw,true
nfhoeh,qvofehnhn,true
nfngd,ngtnsmsdf,true
pfrffeoodngt,ltgfopuerdffo,false
jvyaelqt,qltayevj,true
tzmvcdmdbjgsav,zsdbphajtgdvsmci,false
umln,clzaqjmnrdju,true
tqfl,tgflq,true
jqapr,rpdomdjwq,false
nos,nso,true
djzjkp,wdkpjj,false
crmxg,ycmhmrtgzvvx,true
nfpdznhf,ufdshnufprlnmvmzims,true
wej,pgwdhkewnqg,false
wq,zskwbaxpfeqgwcuun,true
xl,xln,true
ptzj,cjttplzv,true
otxmkxhwrknxzvumer,xkmx,false
zspynng,nygznphs,true
gtua,zugedjulttcaont,true
wqixekanecytmixrlwu,ugyaeeucmrxtxilrzwr,false
oq,oq,true
r,juerv,true
xfxcuyf,zuycvxx,false
zh,xhioz,true
xfzhr,r,false
beejepv,geceqjvbdpkzezh,true
deh,hmolenxds,true
vfzx,vfrxmvuczxay,true
ljpnco,nh,false
zzuxenj,zjeuwznzkx,true
cjgkbxgjra,gjrkjcka,false
q,fqbtcuqrqnlotspaceqk,true
y,y,true
ocrssfduoffw,fxroklfosuwfsoad,false
mie,aayihmntdle,true
zdmz,yitgmmgddiwezjgn,false
fhdszosxx,zjtsfsxxyoasxhodfsi,true
fwqmeae,eefmqamw,true
hme,memhu,true
sbxybdyesjivucxdy,esjyxicfdy,false
o,o,true
w,wzll,true
ajotuusfs,upaossxputefgogjfvj,true
mtfbk,ofbmttbyxjvwkc,true
fopwlcxm,owclpfcxqm,true
lifd,lijhupyid,false
vaxcgk,ecqnkkahunvxg,true
vk,naukvvu,true
rxy,uyrx,true
n,un,true
xgi,x,false
iacg,vavciamg,true
zwmpprzxnddhbwtm,xpndrzhwpbzdmtmw,true
bq,qbqov,true
urvo,pwrvhuor,true
d,dgugduujdlv,true
cntsoxyq,hsxnyacifoymthsb,false
mdgrwpejvozzrkxbrl,mfkjvdvtpbrzzxelgrko,false
evnvjiw,ejijvmvw,false
asgnh,ngahs,true
ur,snurbgxirlsauhs,true
hlhbjcr,hbcnhajvrhnpvb,false
pqsae,aqskory,false
uhxptoorumxa,xurumhbptaxoko,true
inosxzloicltxff,fotflszosxnciil,false
cu,pvxmx,false
gli,gli,true
zlf,felvzgzxj,true
ngtntdjded,iixdnrnnatyqitdode,false
paamswxshdmtcfd,adnamsasepdufdwcmxz,false
grtyqjsq,gjoqmtsjvqtyorb,true
o,o,true
awoqcpizi,fqaxwiopizvy,false
o,o,true
kzsbkhr,bczvkekrhs,true
aefcirnx,riaeqkfckzdx,false
qiljtoiomo,otlgximeqjisqtod,false
biq,iukrnqbuppfn,true
xlnox,x,false
zmg,ymdipvgvdqigzz,true
ahbvemgsxd,absmghqhvxed,true
lesfiz,r,false
rkoiuu,oikuru,true
jort,tmltord,false
ykvhxwtc,tk,false
qblh,brhceevblqbfuqpzdpfn,true
irrrvqjbvee,ijbreqrevrv,true
sa,ya,false
hhddrlxti,xirfhdlthqdnj,true
p,p,true
h,soh,true
qb,bmkstcytxblqgzfuaco,true
b,b,true
gavt,hdutilafgx,false
z,hz,true
f,f,true
xzy,yx,false
obrnujsb,uobnbvdrozkpjrswumlf,true
obhqzwtlkzaqthcbwbrm,whbr,false
incm,xpinmadelicwfok,true
fhyxmb,muuyrlhblfp,false
k,ryuohgmqrdcsqkyz,true
a,af,true
ovjjrljmphorryjbp,lrjtmpo,false
aixjif,iijxfa,true
sfnlxy,lsvn,false
xdlzzepoqwycejto,poozcdwwyetll,false
x,xahqxr,true
b,vbinc,true
jhmck,kcdkerhczbjkromc,true
p,zvayixlpbw,true
pgjturfw,gzwrjgpfwutkwo,true
foizuimqn,melfonimiiuq,false
jlbhucxer,ulcbhrjexd,true
nqawmn,qhwnpakmdmn,true
xivjbkmv,cikhixvsxjkqjm,false
rbqrxfsotljmhguujje,ethjumlyuojrbxgsqvr,false
a,iaz,true
yuoswazkhkzgsorq,omksgkwqyqrzzo,false
sa,twhddisuudebywo,false
iisp,iip,false
swcdowpbimlaqlwlxeq,xylbimwdlwalweqqspo,false
fght,hczftblpgan,true
jwywzghu,tjzhsigquwyjw,true
qgu,qcgou,true
rqa,arqw,true
xq,qx,true
ywlvtzqgicxdzrfe,ewllcttiggzdqxvyrz,false
b,b,true
ju,unnwj,true
dlwy,kwldyyufvi,true
bcrkpghpe,lbclegkphrv,false
yymwogdgajtfmte,ymjtdfmgywteago,true
laedf,aildef,true
iistkfq,is,false
sd,sdekp,true
d,d,true
jrwqqu,qucnkurjjfqaw,true
cvclvguh,wugbvcuvcphs,false
ujy,orhsutjyomtrrvxpiirh,true
sqaugfmvwf,mfswugsevf,false
rupxkyybv,yvuhyxvppmbrlc,false
xaag,ax,false
fxzmb,fbmzx,true
wgbladiebxi,liliaebxdwc,false
mqo,m,false
t,td,true
mx,mxl,true
pgt,tpepg,true
